"","Id","MSSubClass","MSZoning","LotFrontage","LotArea","Street","Alley","LotShape","LandContour","Utilities","LotConfig","LandSlope","Neighborhood","Condition1","Condition2","BldgType","HouseStyle","OverallQual","OverallCond","YearBuilt","YearRemodAdd","RoofStyle","RoofMatl","Exterior1st","Exterior2nd","MasVnrType","MasVnrArea","ExterQual","ExterCond","Foundation","BsmtQual","BsmtCond","BsmtExposure","BsmtFinType1","BsmtFinSF1","BsmtFinType2","BsmtFinSF2","BsmtUnfSF","TotalBsmtSF","Heating","HeatingQC","CentralAir","Electrical","X1stFlrSF","X2ndFlrSF","LowQualFinSF","GrLivArea","BsmtFullBath","BsmtHalfBath","FullBath","HalfBath","BedroomAbvGr","KitchenAbvGr","KitchenQual","TotRmsAbvGrd","Functional","Fireplaces","FireplaceQu","GarageType","GarageYrBlt","GarageFinish","GarageCars","GarageArea","GarageQual","GarageCond","PavedDrive","WoodDeckSF","OpenPorchSF","EnclosedPorch","X3SsnPorch","ScreenPorch","PoolArea","PoolQC","Fence","MiscFeature","MiscVal","MoSold","YrSold","SaleType","SaleCondition"
"12",1472,160,"RM",21,1680,"Pave",NA,"Reg","Lvl","AllPub","Inside","Gtl","BrDale","Norm","Norm","Twnhs","2Story",6,5,1971,1971,"Gable","CompShg","HdBoard","HdBoard","BrkFace",504,"TA","TA","CBlock","TA","TA","No","Rec",156,"Unf",0,327,483,"GasA","TA","Y","SBrkr",483,504,0,987,0,0,1,1,2,1,"TA",5,"Typ",0,NA,"Detchd",1971,"Unf",1,264,"TA","TA","Y",275,0,0,0,0,0,NA,NA,NA,0,2,2010,"COD","Normal"
"13",1473,160,"RM",21,1680,"Pave",NA,"Reg","Lvl","AllPub","Inside","Gtl","BrDale","Norm","Norm","Twnhs","2Story",5,5,1971,1971,"Gable","CompShg","HdBoard","HdBoard","BrkFace",492,"TA","TA","CBlock","TA","TA","No","Rec",300,"Unf",0,225,525,"GasA","TA","Y","SBrkr",525,567,0,1092,0,0,1,1,3,1,"TA",6,"Typ",0,NA,"Detchd",1997,"Unf",1,320,"TA","TA","Y",0,0,0,0,0,0,NA,NA,NA,0,3,2010,"WD","Normal"
"26",1486,60,"RL",63,8577,"Pave",NA,"IR1","Lvl","AllPub","Inside","Gtl","Gilbert","Norm","Norm","1Fam","2Story",7,5,2004,2004,"Gable","CompShg","VinylSd","VinylSd","None",0,"Gd","TA","PConc","Gd","TA","No","Unf",0,"Unf",0,847,847,"GasA","Ex","Y","SBrkr",847,886,0,1733,0,0,2,1,3,1,"Gd",7,"Typ",1,"Gd","BuiltIn",2004,"Fin",2,433,"TA","TA","Y",144,48,0,0,0,0,NA,NA,NA,0,4,2010,"WD","Normal"
"31",1491,60,"RL",70,11920,"Pave",NA,"Reg","Lvl","AllPub","Inside","Gtl","SawyerW","Norm","Norm","1Fam","2Story",7,5,2004,2004,"Gable","CompShg","VinylSd","VinylSd","BrkFace",122,"Gd","TA","PConc","Gd","TA","Av","Unf",0,"Unf",0,831,831,"GasA","Ex","Y","SBrkr",831,828,0,1659,0,0,2,1,3,1,"Gd",8,"Typ",0,NA,"Attchd",2004,"RFn",2,484,"TA","TA","Y",144,68,0,0,0,0,NA,NA,NA,0,4,2010,"WD","Normal"
"37",1497,160,"FV",39,3515,"Pave","Pave","Reg","Lvl","AllPub","Inside","Gtl","Somerst","Norm","Norm","TwnhsE","2Story",7,5,2004,2004,"Gable","CompShg","VinylSd","VinylSd","None",0,"Gd","TA","PConc","Gd","TA","No","Unf",0,"Unf",0,840,840,"GasA","Ex","Y","SBrkr",840,840,0,1680,0,0,2,1,2,1,"Gd",3,"Typ",0,NA,"Attchd",2004,"RFn",2,588,"TA","TA","Y",0,111,0,0,0,0,NA,NA,NA,0,1,2010,"WD","Normal"
"38",1498,160,"FV",30,3215,"Pave","Pave","Reg","Lvl","AllPub","Inside","Gtl","Somerst","Norm","Norm","TwnhsE","2Story",7,5,2004,2004,"Gable","CompShg","MetalSd","MetalSd","BrkFace",120,"Gd","TA","PConc","Gd","TA","Av","GLQ",280,"Unf",0,320,600,"GasA","Ex","Y","SBrkr",600,600,0,1200,0,0,2,1,2,1,"Gd",4,"Typ",0,NA,"Detchd",2004,"RFn",2,480,"TA","TA","Y",0,172,0,0,0,0,NA,NA,NA,0,4,2010,"ConLD","Normal"
"39",1499,160,"FV",24,2544,"Pave","Pave","Reg","Lvl","AllPub","Inside","Gtl","Somerst","Norm","Norm","Twnhs","2Story",7,5,2004,2005,"Gable","CompShg","MetalSd","MetalSd","None",0,"Gd","TA","PConc","Gd","TA","No","GLQ",368,"ALQ",42,190,600,"GasA","Ex","Y","SBrkr",600,600,0,1200,1,0,2,1,2,1,"Gd",4,"Typ",0,NA,"Detchd",2004,"RFn",2,480,"TA","TA","Y",0,172,0,0,0,0,NA,NA,NA,0,2,2010,"WD","Normal"
"40",1500,160,"FV",24,2544,"Pave","Pave","Reg","Lvl","AllPub","Inside","Gtl","Somerst","Norm","Norm","Twnhs","2Story",6,5,2005,2005,"Gable","CompShg","VinylSd","VinylSd","BrkFace",216,"Gd","TA","PConc","Gd","TA","No","GLQ",376,"Unf",0,224,600,"GasA","Ex","Y","SBrkr",600,636,0,1236,1,0,2,1,2,1,"Gd",4,"Typ",0,NA,"Detchd",2005,"RFn",2,480,"TA","TA","Y",0,166,0,0,0,0,NA,NA,NA,0,5,2010,"WD","Normal"
"41",1501,160,"FV",NA,2980,"Pave",NA,"Reg","Lvl","AllPub","Corner","Gtl","Somerst","Norm","Norm","TwnhsE","2Story",6,5,2000,2000,"Gable","CompShg","MetalSd","MetalSd","BrkFace",1159,"Gd","TA","PConc","Gd","TA","No","GLQ",466,"Unf",0,290,756,"GasA","Ex","Y","SBrkr",756,756,0,1512,1,0,2,1,2,1,"Gd",5,"Typ",0,NA,"Detchd",2000,"Unf",2,440,"TA","TA","Y",0,32,0,0,0,0,NA,NA,NA,0,5,2010,"WD","Normal"
"42",1502,160,"FV",NA,2403,"Pave",NA,"IR1","Lvl","AllPub","FR2","Gtl","Somerst","Norm","Norm","TwnhsE","2Story",7,5,2003,2003,"Gable","CompShg","VinylSd","VinylSd","None",0,"Gd","TA","PConc","Gd","TA","No","GLQ",244,"Unf",0,286,530,"GasA","Ex","Y","SBrkr",530,550,0,1080,0,0,2,1,2,1,"Gd",4,"Typ",0,NA,"Attchd",2003,"RFn",2,496,"TA","TA","Y",0,50,0,0,0,0,NA,NA,NA,0,6,2010,"WD","Normal"
"47",1507,60,"RL",80,10791,"Pave",NA,"Reg","Lvl","AllPub","Inside","Gtl","NWAmes","Norm","Norm","1Fam","2Story",6,5,1993,1993,"Gable","CompShg","MetalSd","MetalSd","None",0,"TA","TA","PConc","Gd","TA","Mn","GLQ",1137,"Unf",0,143,1280,"GasA","Ex","Y","SBrkr",1280,1215,0,2495,1,0,2,1,4,1,"Gd",9,"Typ",1,"TA","Attchd",1993,"Unf",2,660,"TA","TA","Y",224,32,0,0,0,0,NA,NA,NA,0,3,2010,"WD","Normal"
"79",1539,70,"RM",50,9000,"Pave","Grvl","Reg","Lvl","AllPub","Inside","Gtl","OldTown","Norm","Norm","1Fam","2Story",8,9,1890,2002,"Gable","CompShg","Wd Sdng","Wd Sdng","None",0,"Gd","Gd","Stone","Fa","Fa","No","Unf",0,"Unf",0,346,346,"GasA","Ex","Y","SBrkr",1157,1111,0,2268,0,0,3,0,3,1,"Gd",7,"Typ",0,NA,"Detchd",2003,"Unf",2,624,"TA","TA","N",0,108,0,0,0,0,NA,NA,NA,0,4,2010,"WD","Normal"
"80",1540,190,"RM",100,9045,"Pave",NA,"Reg","Lvl","AllPub","Inside","Gtl","OldTown","Norm","Norm","2fmCon","2Story",5,3,1910,1950,"Gable","CompShg","MetalSd","MetalSd","None",0,"TA","Fa","BrkTil","TA","TA","Mn","Unf",0,"Unf",0,840,840,"Grav","Fa","N","FuseF",1128,1128,0,2256,0,0,2,0,4,2,"Fa",12,"Typ",0,NA,NA,NA,NA,0,0,NA,NA,"N",0,18,18,0,0,0,NA,NA,NA,0,6,2010,"WD","Abnorml"
"93",1553,70,"RM",60,12900,"Pave","Grvl","Reg","Lvl","AllPub","Inside","Gtl","OldTown","Norm","Norm","1Fam","2Story",6,8,1912,2009,"Gable","CompShg","Wd Sdng","Wd Sdng","None",0,"Gd","Gd","PConc","TA","TA","No","Unf",0,"Unf",0,780,780,"GasA","Ex","Y","SBrkr",780,780,0,1560,0,0,1,1,3,1,"Gd",7,"Typ",0,NA,NA,NA,NA,0,0,NA,NA,"N",344,0,0,0,168,0,NA,NA,NA,0,5,2010,"WD","Normal"
"94",1554,70,"RM",52,3068,"Pave","Grvl","Reg","Lvl","AllPub","Inside","Gtl","OldTown","Norm","Norm","1Fam","2Story",6,8,1920,1993,"Gable","CompShg","VinylSd","VinylSd","None",0,"TA","Gd","BrkTil","TA","TA","No","Unf",0,"Unf",0,662,662,"GasA","Ex","Y","SBrkr",662,662,0,1324,0,1,1,0,3,1,"TA",6,"Typ",0,NA,"Detchd",1920,"Unf",1,180,"TA","TA","Y",0,0,112,0,0,0,NA,"GdPrv",NA,0,2,2010,"WD","Normal"
"99",1559,70,"C (all)",NA,6449,"Pave",NA,"IR1","Lvl","AllPub","Inside","Gtl","SWISU","Norm","Norm","1Fam","2Story",4,1,1907,1950,"Gambrel","CompShg","Wd Sdng","Stucco","None",0,"TA","TA","CBlock","TA","TA","No","Rec",73,"Unf",0,634,707,"GasW","TA","N","SBrkr",942,942,0,1884,0,0,1,1,4,1,"TA",7,"Typ",0,NA,NA,NA,NA,0,0,NA,NA,"N",0,0,239,0,0,0,NA,NA,NA,0,3,2010,"WD","Abnorml"
"105",1565,60,"RL",86,11227,"Pave",NA,"Reg","Lvl","AllPub","Inside","Gtl","Sawyer","Norm","Norm","1Fam","2Story",5,5,1968,1968,"Gable","CompShg","HdBoard","HdBoard","None",0,"TA","Gd","CBlock","TA","Gd","No","Rec",267,"ALQ",453,0,720,"GasA","Ex","Y","SBrkr",720,720,0,1440,0,0,1,1,4,1,"TA",7,"Typ",2,"TA","Attchd",1968,"Unf",2,480,"TA","TA","Y",192,38,0,0,0,0,NA,"MnPrv",NA,0,3,2010,"WD","Normal"
"124",1584,60,"RL",75,9375,"Pave",NA,"Reg","Lvl","AllPub","Inside","Gtl","CollgCr","Norm","Norm","1Fam","2Story",7,5,1997,1997,"Gable","CompShg","VinylSd","VinylSd","None",0,"Gd","TA","PConc","Gd","TA","No","Unf",0,"Unf",0,1040,1040,"GasA","Ex","Y","SBrkr",1044,1054,0,2098,0,0,2,1,4,1,"Gd",9,"Typ",1,"TA","Attchd",1997,"Fin",2,621,"TA","TA","Y",331,38,0,0,0,0,NA,NA,NA,0,4,2010,"WD","Normal"
"137",1597,90,"RL",78,15600,"Pave",NA,"Reg","Lvl","AllPub","Inside","Gtl","Crawfor","Norm","Norm","Duplex","2Story",5,6,1950,1991,"Gable","CompShg","VinylSd","VinylSd","BrkFace",430,"TA","Gd","CBlock","TA","TA","No","ALQ",375,"Unf",0,657,1032,"GasA","Ex","Y","SBrkr",1102,1075,0,2177,0,0,2,1,5,2,"TA",11,"Typ",0,NA,"Detchd",1950,"Unf",2,484,"TA","TA","Y",0,0,0,0,0,0,NA,NA,NA,0,3,2010,"WD","Normal"
"150",1610,60,"RL",73,9802,"Pave",NA,"Reg","Lvl","AllPub","Inside","Gtl","Timber","Norm","Norm","1Fam","2Story",5,5,2006,2007,"Gable","CompShg","VinylSd","VinylSd","None",0,"TA","TA","PConc","Gd","TA","No","Unf",0,"Unf",0,384,384,"GasA","Gd","Y","SBrkr",744,700,0,1444,0,0,2,1,3,1,"TA",7,"Typ",0,NA,"BuiltIn",2007,"Fin",2,400,"TA","TA","Y",100,0,0,0,0,0,NA,NA,NA,0,4,2010,"WD","Normal"
"155",1615,160,"RM",21,1476,"Pave",NA,"Reg","Lvl","AllPub","Inside","Gtl","MeadowV","Norm","Norm","Twnhs","2Story",4,7,1970,1970,"Gable","CompShg","CemntBd","CmentBd","None",0,"TA","TA","CBlock","TA","TA","No","GLQ",176,"Unf",0,370,546,"GasA","Ex","Y","SBrkr",546,546,0,1092,0,0,1,1,3,1,"TA",5,"Typ",0,NA,NA,NA,NA,0,0,NA,NA,"Y",200,26,0,0,0,0,NA,NA,NA,0,3,2010,"WD","Normal"
"156",1616,160,"RM",21,1900,"Pave",NA,"Reg","Lvl","AllPub","Inside","Gtl","MeadowV","Norm","Norm","TwnhsE","2Story",4,4,1970,1970,"Gable","CompShg","CemntBd","CmentBd","None",0,"TA","TA","CBlock","TA","TA","No","Unf",0,"Unf",0,546,546,"GasA","Ex","Y","SBrkr",546,546,0,1092,0,0,1,1,3,1,"TA",5,"Typ",0,NA,NA,NA,NA,0,0,NA,NA,"Y",0,0,0,0,0,0,NA,NA,NA,0,6,2010,"WD","Normal"
"157",1617,160,"RM",21,1890,"Pave",NA,"Reg","Lvl","AllPub","Inside","Gtl","MeadowV","Norm","Norm","TwnhsE","2Story",4,6,1972,1972,"Gable","CompShg","CemntBd","CmentBd","None",0,"TA","TA","CBlock","TA","TA","No","Rec",294,"Unf",0,252,546,"GasA","TA","Y","SBrkr",546,546,0,1092,0,0,1,1,3,1,"TA",5,"Typ",0,NA,"Attchd",1972,"Unf",1,286,"TA","TA","Y",0,0,64,0,0,0,NA,NA,NA,0,6,2010,"WD","Normal"
"160",1620,90,"RL",70,7700,"Pave",NA,"Reg","Lvl","AllPub","Inside","Gtl","Mitchel","Norm","Norm","Duplex","2Story",5,2,1985,1986,"Gable","CompShg","HdBoard","HdBoard","None",0,"TA","Po","PConc","TA","TA","No","Unf",0,"Unf",0,1216,1216,"GasA","Gd","Y","SBrkr",1216,1216,0,2432,0,0,4,2,4,2,"TA",10,"Typ",0,NA,"Attchd",1985,"Unf",2,616,"TA","Fa","Y",200,0,0,0,0,0,NA,NA,"Shed",600,2,2010,"WD","Normal"
"161",1621,60,"RL",63,10475,"Pave",NA,"Reg","Lvl","AllPub","Inside","Gtl","Mitchel","Norm","Norm","1Fam","2Story",5,5,1991,1991,"Gable","CompShg","HdBoard","HdBoard","None",0,"TA","TA","PConc","Gd","TA","No","Rec",458,"Unf",0,166,624,"GasA","Gd","Y","SBrkr",624,650,0,1274,0,0,1,1,3,1,"TA",6,"Typ",0,NA,"Detchd",1993,"Unf",2,576,"TA","TA","Y",22,0,0,0,0,0,NA,"GdWo",NA,0,3,2010,"WD","Normal"
"177",1637,60,"RL",85,11900,"Pave",NA,"Reg","Lvl","AllPub","Inside","Gtl","Gilbert","Norm","Norm","1Fam","2Story",5,6,1977,1977,"Gable","CompShg","HdBoard","Wd Sdng","BrkFace",157,"TA","TA","PConc","Gd","TA","No","ALQ",400,"Unf",0,722,1122,"GasA","Ex","Y","SBrkr",946,988,0,1934,1,0,2,1,3,1,"TA",6,"Typ",1,"TA","Attchd",1977,"Unf",2,567,"TA","TA","P",0,176,0,0,200,0,NA,NA,NA,0,7,2009,"WD","Normal"
"192",1652,160,"RM",21,1680,"Pave",NA,"Reg","Lvl","AllPub","Inside","Gtl","BrDale","Norm","Norm","Twnhs","2Story",6,5,1973,1973,"Gable","CompShg","HdBoard","HdBoard","BrkFace",504,"TA","TA","CBlock","TA","TA","No","BLQ",254,"Unf",0,229,483,"GasA","TA","Y","SBrkr",483,504,0,987,1,0,1,1,2,1,"TA",5,"Typ",0,NA,"Detchd",1973,"Unf",1,264,"TA","TA","Y",0,0,0,0,0,0,NA,NA,NA,0,7,2009,"WD","Normal"
"193",1653,160,"RM",21,1680,"Pave",NA,"Reg","Lvl","AllPub","Inside","Gtl","BrDale","Norm","Norm","Twnhs","2Story",6,6,1972,1972,"Gable","CompShg","HdBoard","HdBoard","BrkFace",425,"TA","TA","CBlock","TA","TA","No","Rec",110,"LwQ",294,79,483,"GasA","TA","Y","SBrkr",483,504,0,987,1,0,1,1,2,1,"TA",5,"Typ",0,NA,"Detchd",1972,"Unf",1,288,"TA","TA","Y",0,0,0,0,0,0,NA,NA,NA,0,7,2009,"WD","Normal"
"194",1654,160,"RL",24,2308,"Pave",NA,"Reg","Lvl","AllPub","FR2","Gtl","NPkVill","Norm","Norm","TwnhsE","2Story",6,5,1976,1976,"Gable","CompShg","Plywood","Brk Cmn","None",0,"TA","TA","CBlock","Gd","TA","No","ALQ",306,"Unf",0,498,804,"GasA","TA","Y","SBrkr",804,744,0,1548,0,0,2,1,3,1,"TA",7,"Typ",1,"TA","Detchd",1976,"RFn",2,440,"TA","TA","Y",108,0,0,0,0,0,NA,NA,NA,0,9,2009,"WD","Normal"
"197",1657,160,"RL",24,2364,"Pave",NA,"Reg","Lvl","AllPub","Inside","Gtl","NPkVill","Norm","Norm","TwnhsE","2Story",6,5,1978,1978,"Gable","CompShg","Plywood","Brk Cmn","None",0,"TA","TA","CBlock","Gd","TA","No","ALQ",320,"Unf",0,484,804,"GasA","TA","Y","SBrkr",804,744,0,1548,0,1,2,1,3,1,"TA",7,"Typ",1,"TA","Detchd",1978,"Unf",2,440,"TA","TA","Y",108,0,0,0,0,0,NA,NA,NA,0,7,2009,"WD","Normal"
"202",1662,60,"RL",95,12350,"Pave",NA,"Reg","Lvl","AllPub","Inside","Gtl","NridgHt","Norm","Norm","1Fam","2Story",9,5,2009,2009,"Gable","CompShg","VinylSd","VinylSd","None",0,"Gd","TA","PConc","Ex","TA","No","GLQ",986,"Unf",0,379,1365,"GasA","Ex","Y","SBrkr",1365,1325,0,2690,1,0,2,1,3,1,"Ex",8,"Typ",1,"Gd","Attchd",2009,"RFn",3,864,"TA","TA","Y",0,197,0,0,0,0,NA,NA,NA,0,7,2009,"New","Partial"
"224",1684,60,"RL",63,10928,"Pave",NA,"Reg","Lvl","AllPub","Inside","Gtl","Gilbert","RRAn","Norm","1Fam","2Story",7,5,2005,2005,"Gable","CompShg","VinylSd","VinylSd","None",0,"Gd","TA","PConc","Gd","Gd","No","Unf",0,"Unf",0,728,728,"GasA","Ex","Y","SBrkr",728,728,0,1456,0,0,2,1,3,1,"Gd",8,"Typ",1,"Gd","Attchd",2005,"Fin",2,390,"TA","TA","Y",100,0,0,0,0,0,NA,NA,NA,0,6,2009,"WD","Normal"
"225",1685,60,"RL",57,8918,"Pave",NA,"IR1","Lvl","AllPub","Inside","Gtl","Gilbert","Norm","Norm","1Fam","2Story",6,5,2005,2006,"Gable","CompShg","VinylSd","VinylSd","None",0,"Gd","TA","PConc","Gd","TA","Av","Unf",0,"Unf",0,745,745,"GasA","Ex","Y","SBrkr",745,745,0,1490,0,0,2,1,3,1,"Gd",7,"Typ",1,"Gd","Attchd",2005,"Fin",2,392,"TA","TA","Y",36,20,0,0,0,0,NA,NA,NA,0,7,2009,"WD","Normal"
"231",1691,60,"RL",NA,8174,"Pave",NA,"IR1","Lvl","AllPub","Inside","Gtl","Gilbert","Norm","Norm","1Fam","2Story",7,5,2003,2003,"Gable","CompShg","VinylSd","VinylSd","None",0,"Gd","TA","PConc","Gd","TA","No","GLQ",494,"Unf",0,204,698,"GasA","Ex","Y","SBrkr",698,644,0,1342,1,0,2,1,3,1,"Gd",7,"Typ",1,"TA","Attchd",2003,"Fin",2,393,"TA","TA","Y",100,56,0,0,0,0,NA,NA,NA,0,5,2009,"WD","Normal"
"251",1711,60,"FV",84,10603,"Pave",NA,"Reg","Lvl","AllPub","Inside","Gtl","Somerst","Norm","Norm","1Fam","2Story",8,5,2006,2006,"Hip","CompShg","VinylSd","VinylSd","Stone",121,"Gd","TA","PConc","Ex","Gd","No","GLQ",682,"Unf",0,218,900,"GasA","Ex","Y","SBrkr",909,886,0,1795,1,0,2,1,3,1,"Gd",8,"Typ",1,"Gd","Attchd",2006,"Fin",3,782,"TA","TA","Y",168,45,0,0,0,0,NA,NA,NA,0,7,2009,"WD","Normal"
"255",1715,60,"FV",65,8127,"Pave",NA,"IR1","Lvl","AllPub","Inside","Gtl","Somerst","Norm","Norm","1Fam","2Story",7,5,2003,2003,"Gable","CompShg","VinylSd","VinylSd","None",0,"Gd","TA","PConc","Gd","TA","No","GLQ",410,"Unf",0,402,812,"GasA","Ex","Y","SBrkr",812,841,0,1653,1,0,2,1,3,1,"Gd",6,"Typ",0,NA,"Attchd",2003,"RFn",2,628,"TA","TA","Y",0,45,0,0,0,0,NA,NA,NA,0,3,2009,"WD","Normal"
"259",1719,60,"RL",96,10628,"Pave",NA,"IR1","Lvl","AllPub","Corner","Gtl","SawyerW","Norm","Norm","1Fam","2Story",7,5,2004,2004,"Gable","CompShg","VinylSd","VinylSd","None",0,"Gd","TA","PConc","Gd","TA","Gd","Unf",0,"Unf",0,835,835,"GasA","Ex","Y","SBrkr",871,941,0,1812,0,0,2,1,3,1,"Gd",8,"Typ",0,NA,"BuiltIn",2004,"RFn",2,478,"TA","TA","Y",146,91,0,0,0,0,NA,NA,NA,0,1,2009,"WD","Normal"
"266",1726,60,"RL",70,7703,"Pave",NA,"Reg","Lvl","AllPub","Inside","Gtl","SawyerW","Norm","Norm","1Fam","2Story",6,6,1992,1992,"Gable","CompShg","HdBoard","HdBoard","None",0,"Gd","Gd","PConc","Gd","Gd","No","GLQ",52,"Rec",364,400,816,"GasA","Ex","Y","SBrkr",833,897,0,1730,0,0,2,1,3,1,"Gd",6,"Typ",0,NA,"Attchd",1992,"RFn",2,528,"TA","TA","Y",0,91,0,0,168,0,NA,NA,NA,0,11,2009,"WD","Normal"
"268",1728,60,"RL",70,9109,"Pave",NA,"Reg","Lvl","AllPub","Inside","Gtl","SawyerW","RRAe","Norm","1Fam","2Story",7,5,1994,1994,"Gable","CompShg","VinylSd","VinylSd","None",0,"Gd","TA","PConc","Gd","TA","No","LwQ",36,"GLQ",596,122,754,"GasA","Ex","Y","SBrkr",754,786,0,1540,1,0,2,1,3,1,"Gd",6,"Typ",0,NA,"Attchd",1994,"RFn",2,495,"TA","TA","Y",140,32,0,0,0,0,NA,NA,NA,0,10,2009,"WD","Normal"
"269",1729,60,"RL",NA,10274,"Pave",NA,"IR1","Lvl","AllPub","CulDSac","Gtl","SawyerW","Norm","Norm","1Fam","2Story",6,7,1986,1986,"Gable","CompShg","VinylSd","VinylSd","BrkFace",141,"TA","Gd","CBlock","Gd","TA","No","Rec",331,"Unf",0,345,676,"GasA","TA","Y","SBrkr",698,702,0,1400,0,0,2,1,3,1,"TA",6,"Typ",0,NA,"Attchd",1986,"RFn",2,465,"TA","TA","Y",0,48,0,0,0,0,NA,NA,NA,0,7,2009,"WD","Normal"
"270",1730,90,"RL",75,8250,"Pave",NA,"Reg","Lvl","AllPub","Inside","Gtl","SawyerW","Norm","Norm","Duplex","2Story",6,7,1981,1981,"Gable","CompShg","Wd Sdng","Wd Shng","None",0,"TA","TA","Slab",NA,NA,NA,NA,0,NA,0,0,0,"GasA","TA","Y","SBrkr",964,918,0,1882,0,0,2,0,4,2,"TA",8,"Typ",2,"TA","Attchd",1981,"Unf",2,612,"TA","TA","Y",0,0,0,0,0,0,NA,NA,NA,0,5,2009,"WD","Normal"
"282",1742,160,"FV",34,2998,"Pave",NA,"Reg","Lvl","AllPub","Inside","Gtl","Somerst","Norm","Norm","TwnhsE","2Story",6,5,2000,2000,"Gable","CompShg","MetalSd","MetalSd","BrkFace",513,"Gd","TA","PConc","Gd","TA","No","GLQ",507,"Unf",0,249,756,"GasA","Ex","Y","SBrkr",756,756,0,1512,1,0,2,1,2,1,"Gd",4,"Typ",0,NA,"Detchd",2000,"Unf",2,440,"TA","TA","Y",0,32,0,0,0,0,NA,NA,NA,0,8,2009,"WD","Normal"
"283",1743,160,"FV",35,3768,"Pave",NA,"Reg","Lvl","AllPub","FR2","Gtl","Somerst","Norm","Norm","TwnhsE","2Story",7,5,1999,1999,"Hip","CompShg","MetalSd","MetalSd","BrkFace",218,"Gd","TA","PConc","Gd","TA","No","GLQ",549,"Unf",0,142,691,"GasA","Ex","Y","SBrkr",713,739,0,1452,1,0,2,1,3,1,"Gd",6,"Typ",0,NA,"Detchd",1999,"Unf",2,506,"TA","TA","Y",0,34,0,0,0,0,NA,NA,NA,0,9,2009,"WD","Normal"
"288",1748,60,"RL",80,10400,"Pave",NA,"Reg","Lvl","AllPub","Inside","Gtl","NWAmes","PosA","Norm","1Fam","2Story",6,7,1967,1997,"Gable","CompShg","MetalSd","MetalSd","BrkFace",256,"TA","TA","PConc","TA","TA","No","Unf",0,"Unf",0,932,932,"GasA","Gd","Y","SBrkr",1271,1369,0,2640,0,0,2,1,5,1,"Gd",8,"Typ",1,"TA","Attchd",1967,"RFn",2,515,"TA","TA","Y",0,120,0,0,168,0,NA,NA,NA,0,5,2009,"WD","Normal"
"320",1780,60,"RL",78,11419,"Pave",NA,"Reg","Lvl","AllPub","Corner","Gtl","NAmes","Artery","Norm","1Fam","2Story",7,7,1948,1999,"Gable","CompShg","WdShing","Wd Shng","None",0,"TA","TA","CBlock","TA","TA","Mn","ALQ",699,"Unf",0,0,699,"GasA","Ex","Y","FuseA",801,726,0,1527,1,0,1,1,3,1,"TA",6,"Typ",1,"Gd","Attchd",1948,"Unf",2,410,"TA","TA","Y",0,0,134,0,0,0,NA,"GdWo",NA,0,12,2009,"WD","Normal"
"323",1783,60,"RL",60,10800,"Pave",NA,"Reg","Lvl","AllPub","Inside","Gtl","OldTown","Norm","Norm","1Fam","2Story",5,7,1939,2006,"Gable","CompShg","VinylSd","VinylSd","None",0,"TA","Gd","BrkTil","TA","TA","No","Unf",0,"Unf",0,676,676,"GasA","Ex","Y","SBrkr",676,676,0,1352,0,1,2,0,4,1,"Gd",7,"Typ",0,NA,"Detchd",1939,"Unf",2,720,"TA","TA","Y",187,0,128,0,0,0,NA,NA,NA,0,8,2009,"WD","Normal"
"331",1791,90,"RL",81,9671,"Pave",NA,"Reg","Lvl","AllPub","Corner","Gtl","NAmes","Artery","Norm","Duplex","2Story",6,5,1969,1969,"Gable","CompShg","MetalSd","MetalSd","Stone",480,"TA","TA","CBlock","TA","TA","No","Unf",0,"Unf",0,1248,1248,"GasA","TA","Y","SBrkr",1248,1296,0,2544,0,0,2,2,6,2,"TA",12,"Typ",0,NA,"Attchd",1969,"RFn",3,907,"TA","TA","Y",0,0,0,0,0,0,NA,NA,NA,0,8,2009,"WD","Normal"
"347",1807,90,"RM",57,10307,"Pave","Grvl","Reg","Lvl","AllPub","Inside","Gtl","OldTown","Norm","Norm","Duplex","2Story",6,5,1910,1950,"Gable","CompShg","Wd Sdng","Wd Sdng","None",0,"TA","TA","CBlock","TA","TA","Mn","LwQ",633,"Unf",0,339,972,"GasA","Gd","N","FuseA",972,972,0,1944,1,0,2,0,4,2,"TA",12,"Typ",0,NA,"Detchd",1920,"Unf",2,324,"Fa","TA","N",0,28,169,0,0,0,NA,NA,NA,0,6,2009,"WD","Normal"
"349",1809,70,"RM",90,9900,"Pave",NA,"Reg","Lvl","AllPub","Corner","Gtl","OldTown","Norm","Norm","1Fam","2Story",5,8,1910,2002,"Gable","CompShg","VinylSd","VinylSd","None",0,"Gd","TA","CBlock","TA","TA","No","Unf",0,"Unf",0,504,504,"GasA","Ex","Y","SBrkr",764,700,0,1464,0,0,2,0,3,1,"TA",7,"Typ",0,NA,NA,NA,NA,0,0,NA,NA,"N",0,0,176,0,0,0,NA,NA,NA,0,3,2009,"WD","Normal"
"359",1819,70,"RM",60,3600,"Pave","Grvl","Reg","Lvl","AllPub","Inside","Gtl","OldTown","Norm","Norm","1Fam","2Story",6,7,1917,2007,"Gable","CompShg","Stucco","Stucco","None",0,"TA","TA","BrkTil","TA","TA","No","Unf",0,"Unf",0,624,624,"GasA","Ex","Y","SBrkr",664,624,0,1288,1,0,1,0,3,1,"Ex",5,"Typ",1,"Gd","Attchd",1917,"Unf",1,280,"TA","TA","N",0,103,0,0,0,0,NA,NA,NA,0,5,2009,"WD","Normal"
"362",1822,70,"RM",60,9720,"Pave","Grvl","Reg","Lvl","AllPub","Inside","Gtl","OldTown","Norm","Norm","1Fam","2Story",6,7,1910,2002,"Gable","CompShg","MetalSd","MetalSd","None",0,"TA","TA","PConc","TA","TA","No","Unf",0,"Unf",0,741,741,"GasA","Ex","Y","SBrkr",780,741,0,1521,0,0,1,0,4,1,"Gd",8,"Typ",0,NA,"Detchd",1950,"Unf",3,640,"TA","TA","Y",0,0,238,0,0,0,NA,"MnPrv",NA,0,9,2009,"WD","Normal"
"372",1832,90,"RM",50,3000,"Pave","Grvl","Reg","Bnk","AllPub","Inside","Gtl","OldTown","Norm","Norm","Duplex","2Story",5,1,1922,1950,"Hip","CompShg","MetalSd","MetalSd","None",0,"TA","TA","BrkTil","TA","Fa","No","Unf",0,"Unf",0,1040,1040,"GasA","TA","N","SBrkr",1088,1040,0,2128,0,0,2,0,4,2,"TA",11,"Sev",0,NA,NA,NA,NA,0,0,NA,NA,"Y",0,56,0,0,0,0,NA,NA,NA,0,9,2009,"WD","Abnorml"
"374",1834,70,"RM",NA,5775,"Pave",NA,"IR2","Bnk","AllPub","Corner","Mod","OldTown","Feedr","Norm","1Fam","2Story",6,7,1915,2002,"Gable","CompShg","Wd Sdng","Wd Sdng","None",0,"TA","TA","BrkTil","TA","TA","No","Unf",0,"Unf",0,483,483,"GasA","Ex","Y","SBrkr",741,686,0,1427,0,0,1,0,3,1,"Gd",7,"Typ",0,NA,"Attchd",1915,"Unf",1,379,"TA","TA","Y",0,24,112,0,0,0,NA,NA,NA,0,2,2009,"WD","Normal"
"375",1835,190,"RM",41,5852,"Pave",NA,"IR3","Bnk","AllPub","Corner","Gtl","OldTown","Feedr","Norm","2fmCon","2.5Unf",7,5,1902,2000,"Gable","CompShg","MetalSd","MetalSd","Stone",188,"TA","Fa","BrkTil","TA","Fa","No","Rec",169,"Unf",0,851,1020,"GasA","TA","N","FuseF",978,886,0,1864,0,0,2,1,6,1,"TA",9,"Typ",0,NA,NA,NA,NA,0,0,NA,NA,"N",0,188,102,0,0,0,NA,NA,NA,0,5,2009,"WD","Normal"
"398",1858,90,"RL",64,7018,"Pave",NA,"Reg","Lvl","AllPub","Inside","Gtl","SawyerW","Feedr","Norm","Duplex","2Story",5,5,1979,1979,"Gable","CompShg","HdBoard","HdBoard","None",0,"TA","TA","Slab",NA,NA,NA,NA,0,NA,0,0,0,"GasA","TA","Y","SBrkr",1114,1114,0,2228,0,0,2,0,6,2,"TA",8,"Typ",0,NA,"Detchd",1979,"Unf",2,720,"TA","TA","Y",73,0,0,0,0,0,NA,NA,NA,0,6,2009,"WD","Alloca"
"412",1872,60,"RL",79,11646,"Pave",NA,"IR1","Lvl","AllPub","Inside","Gtl","CollgCr","Norm","Norm","1Fam","2Story",6,5,2005,2006,"Gable","CompShg","VinylSd","VinylSd","None",0,"Gd","TA","PConc","Gd","TA","Av","Unf",0,"Unf",0,704,704,"GasA","Ex","Y","SBrkr",704,718,0,1422,0,0,2,1,3,1,"Gd",7,"Typ",1,"Gd","Attchd",2005,"Fin",2,440,"TA","TA","Y",36,28,0,0,0,0,NA,NA,NA,0,7,2009,"WD","Normal"
"416",1876,60,"RL",70,8750,"Pave",NA,"Reg","Lvl","AllPub","Inside","Gtl","CollgCr","Norm","Norm","1Fam","2Story",6,5,1998,1998,"Gable","CompShg","VinylSd","VinylSd","BrkFace",120,"TA","TA","PConc","Gd","TA","No","GLQ",606,"Unf",0,322,928,"GasA","Ex","Y","SBrkr",928,844,0,1772,1,0,2,1,3,1,"TA",7,"Typ",1,"TA","Attchd",1998,"RFn",2,492,"TA","TA","Y",150,96,0,0,0,0,NA,NA,NA,0,4,2009,"WD","Normal"
"422",1882,60,"RL",NA,12334,"Pave",NA,"IR1","Lvl","AllPub","Inside","Gtl","CollgCr","Norm","Norm","1Fam","2Story",8,5,2003,2003,"Gable","CompShg","VinylSd","VinylSd","BrkFace",198,"Gd","TA","PConc","Gd","TA","Av","Unf",0,"Unf",0,1068,1068,"GasA","Ex","Y","SBrkr",1068,1116,0,2184,0,0,2,1,4,1,"Gd",8,"Typ",1,"Gd","BuiltIn",2003,"RFn",2,570,"TA","TA","Y",192,132,0,0,0,0,NA,NA,NA,0,6,2009,"WD","Normal"
"423",1883,60,"RL",70,8749,"Pave",NA,"Reg","Lvl","AllPub","Inside","Gtl","CollgCr","Norm","Norm","1Fam","2Story",7,5,2002,2002,"Gable","CompShg","VinylSd","VinylSd",NA,NA,"Gd","TA","PConc","Gd","TA","No","Unf",0,"Unf",0,840,840,"GasA","Ex","Y","SBrkr",840,885,0,1725,0,0,2,1,3,1,"Gd",6,"Typ",0,NA,"Attchd",2002,"RFn",2,550,"TA","TA","Y",0,48,0,0,0,0,NA,NA,NA,0,11,2009,"WD","Normal"
"424",1884,60,"RL",NA,11250,"Pave",NA,"Reg","Lvl","AllPub","Corner","Gtl","CollgCr","Norm","Norm","1Fam","2Story",7,5,2001,2001,"Gable","CompShg","VinylSd","VinylSd","None",0,"Gd","TA","PConc","Gd","TA","No","Unf",0,"Unf",0,944,944,"GasA","Ex","Y","SBrkr",944,926,0,1870,0,0,2,1,3,1,"Gd",6,"Typ",0,NA,"Attchd",2001,"RFn",2,608,"TA","TA","Y",256,43,0,0,0,0,NA,NA,NA,0,5,2009,"WD","Normal"
"438",1898,70,"RL",43,5707,"Pave",NA,"Reg","Bnk","AllPub","Inside","Gtl","SWISU","Feedr","Norm","1Fam","2Story",6,6,1935,1950,"Gable","CompShg","Wd Sdng","Wd Sdng","None",0,"TA","TA","BrkTil","TA","TA","No","Unf",0,"Unf",0,583,583,"GasA","Gd","Y","FuseF",647,595,0,1242,0,0,1,1,3,1,"TA",6,"Typ",1,"Gd","Detchd",1926,"Unf",1,180,"Fa","TA","Y",329,96,0,0,0,0,NA,NA,NA,0,3,2009,"WD","Normal"
"440",1900,70,"RL",53,7155,"Pave",NA,"Reg","Lvl","AllPub","Inside","Gtl","Crawfor","Norm","Norm","1Fam","2Story",7,8,1918,1990,"Gambrel","CompShg","Wd Sdng","Wd Sdng","None",0,"TA","TA","BrkTil","TA","Fa","Mn","Unf",0,"Unf",0,600,600,"GasA","Ex","Y","SBrkr",628,600,0,1228,0,0,1,0,3,1,"TA",6,"Typ",1,"Gd","Detchd",1918,"Unf",1,215,"Fa","TA","Y",0,113,0,0,195,0,NA,"MnPrv",NA,0,5,2009,"WD","Normal"
"443",1903,90,"RL",NA,8145,"Pave",NA,"IR1","HLS","AllPub","Corner","Gtl","Crawfor","Norm","Norm","Duplex","2.5Unf",7,6,1940,1950,"Gable","CompShg","Wd Sdng","Wd Sdng","None",0,"TA","TA","BrkTil","TA","TA","No","LwQ",246,"Unf",0,674,920,"GasA","Ex","Y","SBrkr",1240,1240,0,2480,0,0,2,1,5,2,"TA",13,"Typ",2,"Gd","Detchd",1940,"Unf",2,400,"TA","TA","Y",0,0,57,0,0,0,NA,NA,NA,0,7,2009,"WD","Normal"
"448",1908,160,"RM",24,1733,"Pave",NA,"Reg","Lvl","AllPub","Inside","Gtl","Blueste","Norm","Norm","Twnhs","2Story",6,6,1980,1980,"Gable","CompShg","MetalSd","MetalSd","None",0,"TA","TA","CBlock","TA","TA","No","Unf",0,"Unf",0,516,516,"GasA","TA","Y","SBrkr",516,516,0,1032,0,0,1,0,2,1,"TA",5,"Typ",1,"TA","Detchd",1980,"Unf",2,452,"TA","TA","Y",279,0,0,0,0,0,NA,"GdPrv",NA,0,5,2009,"WD","Normal"
"453",1913,70,"RM",50,8660,"Pave",NA,"Reg","Bnk","AllPub","Inside","Gtl","IDOTRR","Norm","Norm","1Fam","2Story",5,6,1900,1993,"Gambrel","CompShg","AsbShng","AsbShng","None",0,"TA","TA","BrkTil","TA","TA","No","Unf",0,"Unf",0,760,760,"GasA","Ex","N","SBrkr",928,928,312,2168,0,0,2,0,5,1,"Gd",11,"Typ",0,NA,"Detchd",1998,"Unf",2,576,"TA","TA","Y",467,160,78,0,0,0,NA,NA,NA,0,12,2009,"WD","Normal"
"457",1917,60,"RL",75,10125,"Pave",NA,"Reg","Lvl","AllPub","Inside","Gtl","Mitchel","Norm","Norm","1Fam","2Story",8,5,2000,2001,"Gable","CompShg","CemntBd","CmentBd","None",0,"Gd","TA","PConc","Gd","TA","No","ALQ",445,"BLQ",250,412,1107,"GasA","Ex","Y","SBrkr",1040,1012,0,2052,0,0,2,1,3,1,"Gd",7,"Typ",1,"TA","BuiltIn",2000,"Fin",3,642,"TA","TA","Y",210,91,0,0,0,0,NA,NA,NA,0,5,2009,"WD","Normal"
"472",1932,60,"RL",62,10429,"Pave",NA,"Reg","Lvl","AllPub","Inside","Gtl","Mitchel","Norm","Norm","1Fam","2Story",5,5,1992,1992,"Gable","CompShg","HdBoard","Wd Shng","None",0,"TA","TA","PConc","Gd","TA","No","ALQ",330,"Unf",0,294,624,"GasA","TA","Y","SBrkr",624,663,0,1287,0,0,1,1,3,1,"TA",6,"Typ",0,NA,"Detchd",2001,"Unf",2,440,"TA","TA","Y",150,0,0,0,0,0,NA,NA,NA,0,7,2009,"WD","Normal"
"473",1933,60,"RL",70,10457,"Pave",NA,"IR1","Lvl","AllPub","Inside","Mod","Mitchel","Norm","Norm","1Fam","2Story",5,7,1969,1969,"Gable","CompShg","VinylSd","VinylSd","BrkFace",178,"Gd","Ex","CBlock","TA","TA","Gd","BLQ",496,"LwQ",288,0,784,"GasA","Ex","Y","SBrkr",784,848,0,1632,0,0,1,1,4,1,"TA",7,"Typ",1,"TA","Attchd",1969,"RFn",2,898,"TA","TA","Y",0,173,368,0,0,0,NA,"MnPrv",NA,0,4,2009,"WD","Normal"
"482",1942,60,"RL",NA,14067,"Pave",NA,"Reg","Lvl","AllPub","FR3","Gtl","Gilbert","Norm","Norm","1Fam","2Story",6,5,1991,1991,"Gable","CompShg","HdBoard","HdBoard","BrkFace",194,"TA","TA","PConc","Gd","TA","No","ALQ",504,"Unf",0,332,836,"GasA","Gd","Y","SBrkr",851,858,0,1709,1,0,2,1,3,1,"Gd",7,"Typ",0,NA,"Attchd",1991,"Fin",2,416,"TA","TA","Y",0,40,0,0,0,0,NA,"GdPrv",NA,0,9,2008,"WD","Normal"
"496",1956,60,"RL",NA,12511,"Pave",NA,"IR1","Lvl","AllPub","Corner","Gtl","NWAmes","Norm","Norm","1Fam","2Story",7,7,1978,1978,"Mansard","WdShake","Plywood","Plywood","BrkFace",168,"Gd","TA","PConc","Gd","TA","No","ALQ",988,"Unf",0,432,1420,"GasA","Ex","Y","SBrkr",1420,1420,0,2840,0,1,2,1,4,1,"Gd",8,"Min2",2,"Gd","Attchd",1978,"Fin",4,1314,"TA","Gd","Y",0,16,0,0,208,0,NA,"MnPrv",NA,0,12,2008,"WD","Normal"
"499",1959,90,"RL",60,9000,"Pave",NA,"Reg","Lvl","AllPub","FR2","Gtl","NAmes","Norm","Norm","Duplex","2Story",5,5,1974,1974,"Gable","CompShg","VinylSd","VinylSd","None",0,"TA","TA","CBlock","Gd","TA","Mn","Unf",0,"Unf",0,896,896,"GasA","TA","Y","SBrkr",896,896,0,1792,0,0,2,2,4,2,"TA",8,"Typ",0,NA,"Detchd",1982,"Unf",2,480,"TA","TA","Y",0,45,0,0,0,0,NA,NA,NA,0,6,2008,"WD","Normal"
"502",1962,160,"RM",21,1680,"Pave",NA,"Reg","Lvl","AllPub","Inside","Gtl","BrDale","Norm","Norm","Twnhs","2Story",6,5,1973,1973,"Gable","CompShg","HdBoard","HdBoard","BrkFace",359,"TA","TA","CBlock","TA","TA","No","LwQ",458,"Unf",0,25,483,"GasA","TA","Y","SBrkr",483,504,0,987,0,1,1,1,2,1,"TA",5,"Typ",0,NA,"Detchd",1973,"Unf",1,264,"TA","TA","Y",52,0,0,0,0,0,NA,NA,NA,0,2,2008,"WD","Normal"
"503",1963,160,"RM",21,1890,"Pave",NA,"Reg","Lvl","AllPub","Inside","Gtl","BrDale","Norm","Norm","Twnhs","2Story",6,6,1972,1972,"Gable","CompShg","HdBoard","HdBoard","BrkFace",422,"TA","TA","CBlock","TA","TA","No","LwQ",483,"Unf",0,0,483,"GasA","Gd","Y","SBrkr",483,504,0,987,0,0,1,1,2,1,"TA",5,"Typ",0,NA,"Detchd",1975,"Unf",1,352,"TA","TA","Y",411,0,0,0,0,0,NA,NA,NA,0,4,2008,"WD","Normal"
"504",1964,160,"RM",21,1680,"Pave",NA,"Reg","Lvl","AllPub","Inside","Gtl","BrDale","Norm","Norm","Twnhs","2Story",5,5,1972,1972,"Gable","CompShg","HdBoard","HdBoard","BrkFace",356,"TA","TA","CBlock","TA","TA","No","Rec",350,"Unf",0,280,630,"GasA","TA","Y","SBrkr",630,672,0,1302,0,0,2,1,3,1,"TA",6,"Typ",0,NA,"Detchd",1972,"Unf",1,264,"TA","TA","Y",0,0,0,0,0,0,NA,NA,NA,0,12,2008,"WD","Normal"
"514",1974,60,"RL",85,10574,"Pave",NA,"IR1","Lvl","AllPub","Inside","Gtl","NridgHt","Norm","Norm","1Fam","2Story",8,5,2004,2004,"Gable","CompShg","VinylSd","VinylSd","Stone",126,"Gd","TA","PConc","Ex","TA","No","GLQ",856,"Unf",0,292,1148,"GasA","Ex","Y","SBrkr",1170,1162,0,2332,1,0,2,1,4,1,"Ex",9,"Typ",1,"Gd","BuiltIn",2004,"Fin",3,756,"TA","TA","Y",224,142,0,0,0,0,NA,NA,NA,0,7,2008,"WD","Normal"
"529",1989,60,"RL",NA,8010,"Pave",NA,"IR1","Lvl","AllPub","Inside","Gtl","Gilbert","Norm","Norm","1Fam","2Story",7,5,2002,2003,"Gable","CompShg","VinylSd","VinylSd","None",0,"Gd","TA","PConc","Gd","TA","No","Unf",0,"Unf",0,840,840,"GasA","Ex","Y","SBrkr",840,880,0,1720,0,0,2,1,3,1,"Gd",7,"Typ",1,"Gd","BuiltIn",2002,"Fin",2,400,"TA","TA","Y",138,48,0,0,0,0,NA,NA,NA,0,7,2008,"WD","Normal"
"533",1993,60,"RL",NA,7750,"Pave",NA,"Reg","Lvl","AllPub","Inside","Gtl","Gilbert","RRAn","Norm","1Fam","2Story",7,5,2002,2002,"Gable","CompShg","VinylSd","VinylSd",NA,NA,"Gd","TA","PConc","Gd","TA","No","Unf",0,"Unf",0,707,707,"GasA","Ex","Y","SBrkr",707,707,0,1414,0,0,2,1,3,1,"Gd",6,"Typ",1,"Gd","Attchd",2002,"Fin",2,403,"TA","TA","Y",100,35,0,0,0,0,NA,NA,NA,0,4,2008,"WD","Normal"
"539",1999,60,"RL",97,10990,"Pave",NA,"IR1","Lvl","AllPub","CulDSac","Gtl","NoRidge","Norm","Norm","1Fam","2Story",7,5,1996,1997,"Gable","CompShg","VinylSd","VinylSd","None",0,"Gd","TA","PConc","Ex","TA","No","GLQ",851,"Unf",0,213,1064,"GasA","Ex","Y","SBrkr",1064,1061,0,2125,1,0,2,1,4,1,"Gd",12,"Typ",2,"TA","Attchd",1996,"RFn",2,576,"TA","TA","Y",168,0,0,0,0,0,NA,NA,NA,0,6,2008,"WD","Normal"
"540",2000,60,"RL",NA,11929,"Pave",NA,"IR1","Lvl","AllPub","CulDSac","Gtl","NoRidge","Norm","Norm","1Fam","2Story",8,7,1995,1995,"Gable","CompShg","VinylSd","VinylSd","BrkFace",466,"Gd","TA","PConc","Gd","TA","Av","Unf",0,"Unf",0,1242,1242,"GasA","Ex","Y","SBrkr",1251,1250,0,2501,0,0,2,1,4,1,"Gd",9,"Typ",1,"TA","Attchd",1995,"RFn",3,751,"TA","TA","Y",192,87,0,0,0,0,NA,NA,NA,0,6,2008,"WD","Normal"
"541",2001,60,"RL",91,10010,"Pave",NA,"Reg","Lvl","AllPub","Inside","Gtl","NoRidge","Norm","Norm","1Fam","2Story",7,5,1993,1994,"Hip","WdShake","VinylSd","VinylSd","BrkFace",320,"Gd","TA","PConc","Gd","TA","Av","BLQ",228,"GLQ",852,0,1080,"GasA","Ex","Y","SBrkr",1108,1089,0,2197,1,0,2,1,4,1,"Gd",9,"Typ",1,"Gd","Attchd",1993,"Fin",3,783,"TA","TA","Y",385,99,0,0,0,0,NA,NA,NA,0,7,2008,"WD","Normal"
"544",2004,60,"RL",80,9428,"Pave",NA,"Reg","Lvl","AllPub","Inside","Gtl","Somerst","Norm","Norm","1Fam","2Story",8,5,2007,2008,"Hip","CompShg","VinylSd","VinylSd","Stone",310,"Gd","TA","PConc","Gd","TA","Av","GLQ",729,"Unf",0,226,955,"GasA","Ex","Y","SBrkr",955,919,0,1874,1,0,2,1,3,1,"Gd",8,"Typ",1,"Gd","Attchd",2007,"Fin",3,880,"TA","TA","Y",168,108,0,0,0,0,NA,NA,NA,0,2,2008,"New","Partial"
"549",2009,60,"RL",68,10110,"Pave",NA,"Reg","Lvl","AllPub","Inside","Gtl","SawyerW","Norm","Norm","1Fam","2Story",6,5,2003,2003,"Gable","CompShg","VinylSd","VinylSd","None",0,"Gd","TA","PConc","Gd","TA","Mn","GLQ",80,"ALQ",555,200,835,"GasA","Ex","Y","SBrkr",835,861,0,1696,1,0,2,1,3,1,"Gd",7,"Typ",0,NA,"Attchd",2003,"RFn",2,542,"TA","TA","Y",143,66,0,0,0,0,NA,NA,NA,0,7,2008,"WD","Normal"
"550",2010,60,"RL",67,12774,"Pave",NA,"Reg","Lvl","AllPub","FR2","Gtl","SawyerW","Norm","Norm","1Fam","2Story",7,5,2003,2004,"Gable","CompShg","VinylSd","VinylSd","BrkFace",95,"Gd","TA","PConc","Gd","TA","Av","Unf",0,"Unf",0,835,835,"GasA","Ex","Y","SBrkr",835,828,0,1663,0,0,2,1,3,1,"Gd",8,"Typ",0,NA,"Attchd",2003,"RFn",2,478,"TA","TA","Y",168,68,0,0,0,0,NA,NA,NA,0,7,2008,"WD","Normal"
"555",2015,60,"RL",43,14565,"Pave",NA,"IR2","Lvl","AllPub","CulDSac","Gtl","SawyerW","Norm","Norm","1Fam","2Story",7,5,1994,1995,"Gable","CompShg","VinylSd","VinylSd","BrkFace",145,"Gd","TA","PConc","Gd","TA","Av","GLQ",537,"Unf",0,295,832,"GasA","Ex","Y","SBrkr",832,825,0,1657,0,0,2,1,3,1,"Gd",6,"Typ",0,NA,"Attchd",1994,"RFn",2,483,"TA","TA","Y",144,74,0,0,0,0,NA,NA,"Shed",2000,11,2008,"WD","Normal"
"556",2016,60,"RL",65,8450,"Pave",NA,"Reg","Lvl","AllPub","Inside","Gtl","SawyerW","Norm","Norm","1Fam","2Story",6,5,2001,2001,"Gable","CompShg","VinylSd","VinylSd","None",0,"Gd","TA","PConc","Gd","TA","No","GLQ",472,"Unf",0,355,827,"GasA","Ex","Y","SBrkr",827,850,0,1677,1,0,2,1,3,1,"Gd",7,"Typ",0,NA,"Attchd",2001,"RFn",2,627,"TA","TA","Y",0,68,0,0,0,0,NA,NA,NA,0,9,2008,"WD","Normal"
"557",2017,60,"RL",75,8285,"Pave",NA,"Reg","Lvl","AllPub","Corner","Gtl","SawyerW","Norm","Norm","1Fam","2Story",7,5,1992,1992,"Gable","CompShg","HdBoard","HdBoard","None",0,"Gd","TA","PConc","Gd","TA","No","GLQ",397,"Unf",0,439,836,"GasA","Gd","Y","SBrkr",844,893,0,1737,0,1,2,1,3,1,"Gd",7,"Typ",0,NA,"Attchd",1992,"Fin",2,506,"TA","TA","Y",192,85,0,0,0,0,NA,NA,NA,0,5,2008,"WD","Normal"
"564",2024,60,"RL",NA,9205,"Pave",NA,"IR1","Lvl","AllPub","Inside","Gtl","NoRidge","Norm","Norm","1Fam","2Story",6,5,1990,1991,"Hip","CompShg","HdBoard","HdBoard","BrkFace",304,"Gd","TA","PConc","Gd","TA","No","ALQ",704,"Unf",0,226,930,"GasA","Ex","Y","SBrkr",1364,1319,0,2683,1,0,2,1,4,1,"Gd",9,"Typ",2,"Gd","Attchd",1990,"RFn",2,473,"TA","TA","Y",237,251,0,0,196,0,NA,NA,NA,0,6,2008,"WD","Normal"
"567",2027,160,"FV",30,3180,"Pave","Pave","Reg","Lvl","AllPub","Inside","Gtl","Somerst","Norm","Norm","TwnhsE","2Story",6,5,2005,2005,"Gable","CompShg","MetalSd","MetalSd","None",0,"Gd","TA","PConc","Gd","TA","No","GLQ",390,"Unf",0,210,600,"GasA","Ex","Y","SBrkr",600,600,0,1200,1,0,2,1,2,1,"Gd",5,"Typ",0,NA,"Detchd",2005,"RFn",2,480,"TA","TA","Y",0,166,0,0,0,0,NA,NA,NA,0,5,2008,"WD","Normal"
"568",2028,160,"FV",30,3180,"Pave","Pave","Reg","Lvl","AllPub","Inside","Gtl","Somerst","Norm","Norm","TwnhsE","2Story",7,5,2007,2007,"Gable","CompShg","VinylSd","VinylSd","None",0,"Gd","TA","PConc","Gd","TA","No","Unf",0,"Unf",0,689,689,"GasA","Ex","Y","SBrkr",703,689,0,1392,0,0,2,0,2,1,"Gd",5,"Typ",0,NA,"Detchd",2007,"Unf",2,540,"TA","TA","Y",0,102,0,0,0,0,NA,NA,NA,0,3,2008,"WD","Abnorml"
"569",2029,160,"FV",24,2280,"Pave","Pave","Reg","Lvl","AllPub","Inside","Gtl","Somerst","Norm","Norm","Twnhs","2Story",6,5,1999,1999,"Gable","CompShg","MetalSd","MetalSd","Stone",216,"TA","TA","PConc","Gd","TA","No","GLQ",550,"Unf",0,194,744,"GasA","Gd","Y","SBrkr",757,792,0,1549,1,0,2,1,3,1,"TA",6,"Typ",0,NA,"Detchd",1999,"Unf",2,440,"TA","TA","Y",0,32,0,0,0,0,NA,NA,NA,0,4,2008,"WD","Normal"
"574",2034,160,"FV",24,2160,"Pave","Pave","Reg","Lvl","AllPub","Inside","Gtl","Somerst","Norm","Norm","Twnhs","SLvl",7,5,1999,2000,"Gable","CompShg","VinylSd","VinylSd","BrkFace",216,"Gd","TA","PConc","Gd","TA","No","GLQ",600,"Unf",0,72,672,"GasA","Ex","Y","SBrkr",684,720,0,1404,1,0,2,1,3,1,"Gd",5,"Typ",0,NA,"Detchd",1999,"Unf",2,462,"TA","TA","Y",20,0,0,0,0,0,NA,NA,NA,0,6,2008,"WD","Normal"
"575",2035,60,"FV",79,10646,"Pave",NA,"IR1","Lvl","AllPub","Corner","Gtl","Somerst","Norm","Norm","1Fam","2Story",7,5,2001,2001,"Gable","CompShg","VinylSd","VinylSd","BrkFace",513,"TA","TA","PConc","TA","TA","No","GLQ",681,"Unf",0,177,858,"GasA","Ex","Y","SBrkr",872,917,0,1789,1,0,2,1,3,1,"TA",7,"Typ",1,"TA","Attchd",2001,"Fin",2,546,"TA","TA","Y",0,0,0,0,0,0,NA,NA,NA,0,6,2008,"WD","Normal"
"582",2042,60,"FV",NA,7500,"Pave",NA,"Reg","Lvl","AllPub","Inside","Gtl","Somerst","Norm","Norm","1Fam","2Story",7,5,2002,2002,"Gable","CompShg","VinylSd","VinylSd",NA,NA,"Gd","TA","PConc","Gd","TA","No","Unf",0,"Unf",0,952,952,"GasA","Ex","Y","SBrkr",952,860,0,1812,0,0,2,1,3,1,"TA",7,"Typ",1,"TA","Attchd",2002,"RFn",2,469,"TA","TA","Y",144,112,0,0,0,0,NA,NA,NA,0,4,2008,"WD","Normal"
"587",2047,60,"RL",73,8814,"Pave",NA,"Reg","Lvl","AllPub","Inside","Gtl","NAmes","Feedr","Norm","1Fam","2Story",5,6,1968,1968,"Gable","CompShg","MetalSd","MetalSd","None",0,"TA","TA","CBlock","TA","TA","No","LwQ",732,"Unf",0,0,732,"GasA","Ex","Y","SBrkr",732,732,0,1464,0,0,1,1,4,1,"TA",7,"Typ",0,NA,"Attchd",1968,"Unf",2,470,"TA","TA","Y",0,40,0,0,0,0,NA,NA,NA,0,6,2008,"WD","Normal"
"590",2050,60,"RL",NA,13355,"Pave",NA,"IR1","Lvl","AllPub","Inside","Gtl","NWAmes","Norm","Norm","1Fam","2Story",7,6,1971,1971,"Gable","CompShg","HdBoard","HdBoard","None",0,"TA","TA","CBlock","Gd","Gd","No","ALQ",583,"Unf",0,242,825,"GasA","TA","Y","SBrkr",845,825,0,1670,0,0,1,1,4,1,"TA",7,"Typ",0,NA,"Attchd",1971,"Fin",2,464,"TA","TA","Y",0,0,0,0,0,0,NA,NA,NA,0,5,2008,"WD","Normal"
"594",2054,70,"RL",50,4882,"Pave",NA,"IR1","Bnk","AllPub","Inside","Mod","BrkSide","RRAn","Feedr","1Fam","2Story",4,7,1937,1950,"Gable","CompShg","MetalSd","MetalSd","None",0,"TA","TA","PConc","TA","TA","No","Rec",120,"Unf",0,228,348,"GasA","TA","Y","SBrkr",453,453,0,906,0,0,1,0,2,1,"TA",5,"Typ",0,NA,"Basment",1937,"Unf",1,231,"Fa","TA","Y",0,0,0,0,0,0,NA,NA,NA,0,9,2008,"WD","Normal"
"628",2088,70,"RM",80,4800,"Pave","Grvl","Reg","Lvl","AllPub","Inside","Gtl","OldTown","Norm","Norm","1Fam","2Story",5,5,1910,2003,"Gable","CompShg","AsbShng","AsbShng","None",0,"TA","TA","BrkTil","TA","Fa","No","Unf",0,"Unf",0,680,680,"GasA","Fa","N","SBrkr",680,680,0,1360,0,0,1,0,2,1,"TA",6,"Typ",0,NA,"Attchd",1910,"Unf",1,330,"Fa","TA","Y",192,50,0,0,0,0,NA,NA,NA,0,1,2008,"WD","Normal"
"630",2090,75,"RM",60,6000,"Pave",NA,"Reg","Lvl","AllPub","Inside","Gtl","OldTown","Norm","Norm","1Fam","2.5Unf",6,7,1915,2005,"Gable","CompShg","Wd Sdng","Wd Sdng","None",0,"Gd","TA","BrkTil","TA","TA","No","Unf",0,"Unf",0,728,728,"GasA","Gd","Y","SBrkr",728,728,0,1456,0,0,1,1,4,1,"Gd",7,"Typ",0,NA,"Detchd",1915,"Unf",1,308,"Fa","Fa","N",0,0,248,0,0,0,NA,NA,NA,0,6,2008,"WD","Normal"
"641",2101,190,"RM",69,9142,"Pave",NA,"Reg","Lvl","AllPub","Inside","Gtl","OldTown","Norm","Norm","2fmCon","2Story",5,5,1900,2006,"Gable","CompShg","MetalSd","MetalSd","None",0,"TA","Fa","BrkTil","Fa","TA","No","Unf",0,"Unf",0,797,797,"GasA","TA","N","FuseA",830,797,0,1627,0,0,2,0,4,2,"TA",10,"Typ",0,NA,"Detchd",1950,"Unf",2,420,"Fa","Po","N",192,0,60,0,0,0,NA,NA,NA,0,2,2008,"WD","Normal"
"642",2102,75,"RM",53,5350,"Pave",NA,"Reg","Lvl","AllPub","Corner","Gtl","OldTown","Artery","Norm","1Fam","2Story",7,8,1920,1965,"Gable","CompShg","Wd Sdng","Wd Shng","None",0,"TA","TA","BrkTil","TA","TA","No","BLQ",116,"Unf",0,508,624,"GasA","Ex","Y","SBrkr",730,720,0,1450,0,0,1,0,3,1,"TA",7,"Typ",0,NA,"Detchd",1935,"Unf",1,288,"TA","TA","Y",0,192,0,0,0,0,NA,"MnPrv",NA,0,3,2008,"WD","Normal"
"647",2107,70,"RM",60,10800,"Pave",NA,"Reg","Lvl","AllPub","Inside","Gtl","OldTown","Norm","Norm","1Fam","2Story",7,7,1890,1999,"Gable","CompShg","Wd Sdng","Wd Shng","None",0,"TA","TA","BrkTil","TA","TA","Mn","Unf",0,"Unf",0,1313,1313,"GasW","Gd","Y","SBrkr",1313,1182,0,2495,0,0,2,0,5,1,"TA",10,"Typ",1,"Gd","Detchd",1950,"Unf",2,342,"TA","Fa","Y",0,299,0,0,0,0,NA,NA,NA,0,12,2008,"WD","Normal"
"668",2128,50,"RM",63,4347,"Pave",NA,"Reg","Lvl","AllPub","Inside","Gtl","OldTown","Norm","Norm","1Fam","1.5Fin",6,8,1910,1950,"Gambrel","CompShg","MetalSd","MetalSd","None",0,"Gd","TA","BrkTil","Gd","Gd","No","Unf",0,"Unf",0,796,796,"GasA","Ex","Y","SBrkr",825,784,0,1609,0,0,1,0,3,1,"TA",7,"Typ",0,NA,"Detchd",1910,"Unf",1,228,"Fa","Fa","N",0,182,0,0,0,0,NA,NA,NA,0,6,2008,"WD","Normal"
"670",2130,70,"RM",60,10266,"Pave",NA,"Reg","Lvl","AllPub","Inside","Gtl","IDOTRR","Norm","Norm","1Fam","2Story",6,6,1952,1952,"Gable","CompShg","MetalSd","MetalSd","None",0,"TA","TA","CBlock","TA","TA","No","Rec",372,"Unf",0,396,768,"GasA","TA","Y","FuseA",768,768,0,1536,0,0,1,1,4,1,"TA",7,"Typ",0,NA,"Detchd",1952,"Unf",1,308,"TA","TA","Y",0,216,80,0,0,0,NA,NA,NA,0,5,2008,"COD","Abnorml"
"695",2155,60,"RL",50,9360,"Pave",NA,"Reg","Lvl","AllPub","Corner","Gtl","Edwards","Norm","Norm","1Fam","2Story",6,8,1962,2001,"Gable","CompShg","VinylSd","VinylSd","BrkCmn",216,"Gd","TA","CBlock","TA","TA","No","Rec",324,"Unf",0,297,621,"GasA","TA","Y","SBrkr",621,648,0,1269,0,0,1,1,3,1,"TA",7,"Typ",0,NA,"Detchd",1962,"Unf",1,280,"TA","TA","Y",0,236,0,0,0,0,NA,"GdWo",NA,0,11,2008,"WD","Normal"
"698",2158,60,"RL",NA,14171,"Pave",NA,"IR2","Lvl","AllPub","CulDSac","Gtl","SawyerW","Norm","Norm","1Fam","2Story",7,5,1993,1994,"Gable","CompShg","VinylSd","VinylSd","None",0,"Gd","TA","PConc","Gd","TA","No","GLQ",355,"Unf",0,457,812,"GasA","Ex","Y","SBrkr",1101,1099,0,2200,0,0,2,1,4,1,"Gd",9,"Typ",1,"TA","Attchd",1993,"RFn",2,453,"TA","TA","Y",168,98,0,0,0,0,NA,NA,NA,0,12,2008,"WD","Normal"
"708",2168,60,"RL",NA,13142,"Pave",NA,"IR1","Lvl","AllPub","Corner","Gtl","CollgCr","PosN","Norm","1Fam","2Story",6,5,1997,1997,"Gable","CompShg","VinylSd","VinylSd","BrkFace",128,"TA","TA","PConc","Gd","TA","No","GLQ",688,"Unf",0,176,864,"GasA","Ex","Y","SBrkr",872,899,0,1771,1,0,2,1,3,1,"Gd",6,"Typ",0,NA,"Attchd",1997,"RFn",2,600,"TA","TA","Y",0,96,0,0,0,0,NA,NA,NA,0,7,2008,"WD","Normal"
"710",2170,60,"RL",75,12192,"Pave",NA,"IR1","Lvl","AllPub","Inside","Gtl","CollgCr","Norm","Norm","1Fam","2Story",7,5,2000,2001,"Gable","CompShg","VinylSd","VinylSd","None",0,"Gd","TA","PConc","Gd","TA","No","GLQ",663,"Unf",0,265,928,"GasA","Ex","Y","SBrkr",928,895,0,1823,1,0,2,1,3,1,"Gd",6,"Typ",0,NA,"Attchd",2000,"RFn",2,626,"TA","TA","Y",192,36,0,0,0,0,NA,NA,"Shed",4500,5,2008,"WD","Normal"
"717",2177,60,"RL",41,10905,"Pave",NA,"IR2","Lvl","AllPub","CulDSac","Gtl","CollgCr","Norm","Norm","1Fam","2Story",7,5,2003,2003,"Gable","CompShg","VinylSd","VinylSd","None",0,"Gd","TA","PConc","Gd","TA","No","Unf",0,"Unf",0,1129,1129,"GasA","Ex","Y","SBrkr",1129,1198,0,2327,0,0,2,1,4,1,"Gd",9,"Typ",1,"Gd","BuiltIn",2003,"RFn",2,596,"TA","TA","Y",0,57,0,0,0,0,NA,NA,NA,0,8,2008,"WD","Normal"
"718",2178,60,"RL",96,11690,"Pave",NA,"IR1","Lvl","AllPub","Inside","Gtl","CollgCr","Norm","Norm","1Fam","2Story",8,5,1999,2000,"Gable","CompShg","VinylSd","VinylSd","BrkFace",192,"Gd","TA","PConc","Gd","TA","Av","Unf",0,"Unf",0,850,850,"GasA","Ex","Y","SBrkr",886,878,0,1764,0,0,2,1,3,1,"Gd",7,"Typ",1,"TA","Attchd",1999,"Unf",2,560,"TA","TA","Y",120,29,0,0,0,0,NA,NA,NA,0,6,2008,"WD","Normal"
"728",2188,60,"RL",72,7200,"Pave",NA,"Reg","Lvl","AllPub","Inside","Gtl","Edwards","Norm","Norm","1Fam","2Story",6,7,1976,2001,"Hip","CompShg","Plywood","Plywood","None",0,"TA","TA","CBlock","TA","TA","Av","ALQ",288,"Unf",0,396,684,"GasA","TA","Y","SBrkr",684,714,0,1398,0,0,1,1,3,1,"TA",6,"Typ",1,"TA","Attchd",1976,"Fin",2,440,"TA","TA","Y",0,0,0,0,0,0,NA,"MnPrv",NA,0,2,2008,"WD","Normal"
"739",2199,90,"RL",64,7804,"Pave",NA,"Reg","Lvl","AllPub","Inside","Gtl","SWISU","Norm","Norm","Duplex","2.5Unf",6,7,1930,1950,"Gable","CompShg","Stucco","Stucco","None",0,"TA","TA","BrkTil","TA","TA","No","ALQ",281,"Rec",679,0,960,"GasA","Ex","Y","SBrkr",960,960,0,1920,2,0,2,2,4,2,"TA",10,"Typ",2,"Gd","Detchd",1930,"Unf",2,480,"TA","TA","Y",248,0,121,0,0,0,NA,NA,NA,0,7,2008,"WD","Abnorml"
"740",2200,70,"RL",66,8969,"Pave",NA,"Reg","Bnk","AllPub","Inside","Gtl","Crawfor","Norm","Norm","1Fam","2Story",6,6,1926,1950,"Gambrel","CompShg","Wd Sdng","Wd Sdng","None",0,"TA","TA","BrkTil","TA","TA","No","BLQ",379,"Unf",0,265,644,"GasA","Ex","Y","SBrkr",672,644,0,1316,1,0,1,0,2,1,"TA",6,"Typ",1,"Gd","Detchd",2001,"Unf",1,369,"TA","TA","P",0,0,0,0,192,0,NA,"MnPrv",NA,0,7,2008,"WD","Normal"
"743",2203,70,"RL",NA,9650,"Pave",NA,"IR1","HLS","AllPub","Corner","Gtl","Crawfor","Norm","Norm","1Fam","2Story",6,3,1923,1950,"Hip","CompShg","Wd Sdng","Plywood","None",0,"TA","TA","BrkTil","TA","TA","No","Unf",0,"Unf",0,784,784,"GasA","TA","Y","SBrkr",819,784,0,1603,0,0,1,0,4,1,"TA",7,"Typ",1,"Gd","Attchd",1980,"Unf",2,599,"TA","TA","Y",0,217,0,0,0,0,NA,NA,NA,0,6,2008,"WD","Normal"
"747",2207,70,"RL",100,9670,"Pave",NA,"IR1","HLS","AllPub","Inside","Mod","Crawfor","Norm","Norm","1Fam","2Story",8,6,1935,1950,"Gable","CompShg","BrkFace","Stucco","Stone",40,"TA","TA","PConc","TA","Fa","No","LwQ",210,"Unf",0,398,608,"GasA","TA","Y","SBrkr",983,890,0,1873,0,0,1,1,4,1,"TA",9,"Typ",2,"Gd","Detchd",1935,"Fin",2,786,"Fa","TA","Y",0,0,207,0,0,0,NA,NA,NA,0,6,2008,"WD","Alloca"
"750",2210,160,"RM",24,1879,"Pave",NA,"Reg","Lvl","AllPub","CulDSac","Gtl","Blueste","Norm","Norm","Twnhs","2Story",6,6,1980,1980,"Gable","CompShg","MetalSd","MetalSd","None",0,"TA","TA","CBlock","Gd","TA","No","GLQ",366,"Unf",0,150,516,"GasA","TA","Y","SBrkr",516,516,0,1032,0,0,1,0,2,1,"TA",5,"Typ",1,"TA","Detchd",1980,"Unf",2,462,"TA","TA","Y",213,0,0,0,0,0,NA,"GdPrv",NA,0,12,2008,"WD","Normal"
"760",2220,70,"C (all)",60,9000,"Grvl",NA,"Reg","Bnk","AllPub","Inside","Gtl","IDOTRR","Norm","Norm","1Fam","2Story",4,6,1920,1950,"Gable","CompShg","MetalSd","MetalSd","None",0,"TA","TA","Stone","Fa","Fa","Mn","Unf",0,"Unf",0,592,592,"GasA","Ex","Y","SBrkr",432,432,0,864,0,0,1,1,3,1,"Fa",5,"Min2",0,NA,"Detchd",1920,"Unf",1,216,"Fa","Fa","N",0,30,160,0,0,0,NA,NA,NA,0,6,2008,"WD","Normal"
"764",2224,60,"RL",NA,11050,"Pave",NA,"Reg","Lvl","AllPub","Inside","Gtl","Mitchel","Norm","Norm","1Fam","2Story",7,5,1996,1997,"Gable","CompShg","VinylSd","VinylSd","None",0,"TA","TA","PConc","Gd","TA","Mn","Unf",0,"Unf",0,910,910,"GasA","Ex","Y","SBrkr",910,910,0,1820,0,0,2,1,3,1,"Gd",8,"Typ",1,"TA","Attchd",1996,"Unf",3,816,"TA","TA","Y",318,32,0,0,0,0,NA,NA,NA,0,9,2008,"WD","Normal"
"765",2225,90,"RL",76,10260,"Pave",NA,"Reg","Lvl","AllPub","Inside","Gtl","Mitchel","Norm","Norm","Duplex","2Story",5,4,1976,1976,"Gable","CompShg","Plywood","Plywood","None",0,"TA","TA","CBlock",NA,NA,NA,NA,0,NA,0,0,0,"GasA","TA","Y","SBrkr",936,936,0,1872,0,0,2,2,4,2,"TA",8,"Typ",0,NA,"Attchd",1976,"Unf",2,484,"TA","TA","Y",0,0,0,0,0,0,NA,NA,NA,0,11,2008,"WD","Abnorml"
"769",2229,60,"RL",107,12852,"Pave",NA,"IR1","HLS","AllPub","Corner","Gtl","Timber","Norm","Norm","1Fam","2Story",8,5,2007,2007,"Gable","CompShg","VinylSd","VinylSd","None",0,"Gd","TA","PConc","Gd","TA","Av","GLQ",770,"Unf",0,150,920,"GasA","Ex","Y","SBrkr",920,860,0,1780,1,0,2,1,3,1,"Gd",6,"Typ",1,"Gd","Attchd",2007,"Fin",2,612,"TA","TA","Y",0,192,0,0,0,0,NA,NA,NA,0,1,2008,"New","Partial"
"770",2230,80,"RL",73,9802,"Pave",NA,"Reg","Lvl","AllPub","Inside","Gtl","Timber","Norm","Norm","1Fam","SLvl",5,5,2006,2007,"Gable","CompShg","VinylSd","VinylSd","None",0,"TA","TA","PConc","Gd","TA","No","Unf",0,"Unf",0,352,352,"GasA","Gd","Y","SBrkr",712,730,0,1442,0,0,2,1,3,1,"TA",6,"Typ",0,NA,"BuiltIn",2007,"Fin",2,400,"TA","TA","Y",100,0,0,0,0,0,NA,NA,NA,0,4,2008,"WD","Normal"
"771",2231,60,"RL",81,12018,"Pave",NA,"IR1","HLS","AllPub","Corner","Gtl","Timber","Norm","Norm","1Fam","2Story",7,5,2008,2008,"Gable","CompShg","VinylSd","VinylSd","Stone",60,"Gd","TA","PConc","Gd","TA","Av","Unf",0,"Unf",0,796,796,"GasA","Ex","Y","SBrkr",796,816,0,1612,0,0,2,1,3,1,"Gd",6,"Typ",0,NA,"Attchd",2008,"Fin",3,666,"TA","TA","Y",0,64,0,0,0,0,NA,NA,NA,0,10,2008,"New","Partial"
"787",2247,160,"RM",21,1477,"Pave",NA,"Reg","Lvl","AllPub","Inside","Gtl","MeadowV","Norm","Norm","Twnhs","2Story",6,9,1970,2007,"Gable","CompShg","CemntBd","CmentBd","None",0,"TA","Gd","CBlock","TA","TA","No","GLQ",358,"Unf",0,188,546,"GasA","Ex","Y","SBrkr",546,546,0,1092,0,0,2,1,3,1,"TA",6,"Typ",0,NA,NA,NA,NA,0,0,NA,NA,"Y",187,0,0,0,0,0,NA,NA,NA,0,3,2008,"WD","Normal"
"810",2270,60,"RL",78,12090,"Pave",NA,"Reg","Lvl","AllPub","Inside","Gtl","NWAmes","Norm","Norm","1Fam","2Story",7,7,1981,2003,"Gable","CompShg","MetalSd","MetalSd","BrkFace",306,"Gd","TA","CBlock","Gd","TA","No","ALQ",321,"Unf",0,404,725,"GasA","Ex","Y","SBrkr",725,754,0,1479,0,0,2,1,3,1,"Gd",6,"Typ",1,"TA","Attchd",1981,"RFn",2,484,"TA","TA","Y",167,72,0,0,0,0,NA,NA,NA,0,3,2007,"WD","Normal"
"823",2283,160,"RM",21,2205,"Pave",NA,"Reg","Lvl","AllPub","Inside","Gtl","BrDale","Norm","Norm","Twnhs","2Story",6,6,1973,1973,"Gable","CompShg","HdBoard","HdBoard","BrkFace",567,"TA","TA","CBlock","TA","TA","No","ALQ",312,"Unf",0,213,525,"GasA","TA","Y","SBrkr",525,567,0,1092,0,0,1,1,3,1,"TA",6,"Typ",0,NA,"Detchd",1973,"Unf",1,264,"TA","TA","Y",144,0,0,0,0,0,NA,NA,NA,0,2,2007,"WD","Normal"
"840",2300,60,"RL",110,14277,"Pave",NA,"Reg","Lvl","AllPub","Inside","Gtl","NridgHt","Norm","Norm","1Fam","2Story",8,5,2003,2003,"Gable","CompShg","VinylSd","VinylSd","BrkFace",280,"Gd","TA","PConc","Ex","TA","Mn","GLQ",938,"Unf",0,379,1317,"GasA","Ex","Y","SBrkr",1217,1168,0,2385,1,0,2,1,3,1,"Gd",7,"Typ",1,"Gd","Attchd",2003,"Fin",3,818,"TA","TA","Y",192,228,0,0,0,0,NA,NA,NA,0,1,2007,"WD","Normal"
"841",2301,60,"RL",NA,12568,"Pave",NA,"Reg","Lvl","AllPub","Inside","Gtl","NridgHt","Norm","Norm","1Fam","2Story",8,5,2007,2007,"Hip","CompShg","VinylSd","VinylSd","Stone",246,"Gd","TA","PConc","Ex","TA","Av","GLQ",669,"Unf",0,226,895,"GasA","Ex","Y","SBrkr",895,923,0,1818,1,0,2,1,3,1,"Ex",8,"Typ",1,"Gd","Attchd",2007,"Fin",3,774,"TA","TA","Y",196,104,0,0,0,0,NA,NA,NA,0,8,2007,"New","Partial"
"852",2312,60,"RL",59,15810,"Pave",NA,"IR1","Lvl","AllPub","Inside","Gtl","Gilbert","RRAn","Norm","1Fam","2Story",6,5,2007,2007,"Gable","CompShg","VinylSd","VinylSd",NA,NA,"Gd","TA","CBlock","Gd","TA","No","Unf",0,"Unf",0,768,768,"GasA","Ex","Y","SBrkr",768,728,0,1496,0,0,3,0,3,1,"Gd",7,"Typ",0,NA,"Attchd",2007,"Unf",2,572,"TA","TA","Y",100,0,0,0,0,0,NA,NA,NA,0,5,2007,"New","Partial"
"853",2313,60,"RL",65,10237,"Pave",NA,"Reg","Lvl","AllPub","Inside","Gtl","Gilbert","RRAn","Norm","1Fam","2Story",6,5,2005,2006,"Gable","CompShg","VinylSd","VinylSd","None",0,"Gd","TA","PConc","Gd","TA","No","Unf",0,"Unf",0,768,768,"GasA","Ex","Y","SBrkr",768,768,0,1536,0,0,2,1,3,1,"Gd",6,"Typ",1,"Gd","Attchd",2005,"Fin",2,400,"TA","TA","Y",100,38,0,0,0,0,NA,NA,NA,0,6,2007,"WD","Normal"
"855",2315,60,"RL",62,8857,"Pave",NA,"IR1","Lvl","AllPub","Inside","Gtl","Gilbert","Norm","Norm","1Fam","2Story",6,5,2006,2006,"Gable","CompShg","VinylSd","VinylSd","None",0,"Gd","TA","PConc","Gd","TA","No","Unf",0,"Unf",0,738,738,"GasA","Ex","Y","SBrkr",738,757,0,1495,0,0,2,1,3,1,"Gd",7,"Typ",1,"Gd","Attchd",2006,"RFn",2,440,"TA","TA","Y",100,30,0,0,0,0,NA,NA,NA,0,3,2007,"New","Partial"
"858",2318,60,"RL",72,8229,"Pave",NA,"IR1","Lvl","AllPub","Inside","Gtl","Gilbert","Norm","Norm","1Fam","2Story",6,5,2007,2007,"Gable","CompShg","VinylSd","VinylSd","Stone",22,"Gd","TA","PConc","Gd","TA","Av","Unf",0,"Unf",0,752,752,"GasA","Ex","Y","SBrkr",752,752,0,1504,0,0,2,1,3,1,"Gd",6,"Typ",0,NA,"Attchd",2007,"Fin",2,440,"TA","TA","Y",100,32,0,0,0,0,NA,NA,NA,0,12,2007,"New","Partial"
"859",2319,60,"RL",64,7713,"Pave",NA,"Reg","Lvl","AllPub","Inside","Gtl","Gilbert","Norm","Norm","1Fam","2Story",7,5,2007,2007,"Gable","CompShg","VinylSd","VinylSd","Stone",16,"Gd","TA","PConc","Gd","TA","No","Unf",0,"Unf",0,728,728,"GasA","Ex","Y","SBrkr",728,728,0,1456,0,0,2,1,3,1,"Gd",7,"Typ",0,NA,"Attchd",2007,"Fin",2,400,"TA","TA","Y",100,24,0,0,0,0,NA,NA,NA,0,7,2007,"New","Partial"
"875",2335,60,"RL",88,11762,"Pave",NA,"Reg","Lvl","AllPub","Inside","Gtl","NoRidge","Norm","Norm","1Fam","2Story",8,5,1992,1993,"Gable","CompShg","VinylSd","VinylSd","BrkFace",309,"Gd","TA","PConc","Ex","TA","No","GLQ",335,"Unf",0,770,1105,"GasA","Ex","Y","SBrkr",1105,1097,0,2202,1,0,2,1,4,1,"Gd",9,"Typ",1,"TA","Attchd",1992,"RFn",2,517,"TA","TA","Y",0,65,0,0,144,0,NA,NA,NA,0,9,2007,"WD","Normal"
"876",2336,60,"RL",82,9044,"Pave",NA,"IR1","Lvl","AllPub","Inside","Gtl","NoRidge","Norm","Norm","1Fam","2Story",8,5,1996,1997,"Gable","CompShg","VinylSd","VinylSd","BrkFace",526,"Gd","Gd","PConc","Gd","TA","No","GLQ",1225,"Unf",0,100,1325,"GasA","Ex","Y","SBrkr",1335,1203,0,2538,0,0,2,1,4,1,"Gd",8,"Typ",1,"TA","Attchd",1996,"RFn",3,933,"TA","TA","Y",198,92,0,0,0,0,NA,NA,NA,0,5,2007,"WD","Normal"
"884",2344,60,"RL",70,9605,"Pave",NA,"Reg","Lvl","AllPub","Inside","Gtl","Somerst","Norm","Norm","1Fam","2Story",7,5,2006,2006,"Gable","CompShg","VinylSd","VinylSd","None",0,"Gd","TA","PConc","Gd","TA","No","Unf",0,"Unf",0,982,982,"GasA","Ex","Y","SBrkr",982,995,0,1977,0,0,2,1,3,1,"Gd",7,"Typ",0,NA,"Attchd",2006,"RFn",3,574,"TA","TA","Y",240,53,0,0,0,0,NA,NA,NA,0,7,2007,"WD","Family"
"888",2348,60,"FV",72,8640,"Pave",NA,"Reg","Lvl","AllPub","Inside","Gtl","Somerst","Norm","Norm","1Fam","2Story",8,5,2007,2007,"Gable","CompShg","VinylSd","VinylSd","None",0,"Gd","TA","PConc","Gd","TA","Av","GLQ",350,"Unf",0,546,896,"GasA","Ex","Y","SBrkr",896,896,0,1792,0,0,2,1,3,1,"Gd",8,"Typ",0,NA,"Attchd",2007,"Fin",2,590,"TA","TA","Y",184,96,0,0,0,0,NA,NA,NA,0,11,2007,"New","Partial"
"890",2350,60,"FV",112,12217,"Pave",NA,"IR1","Lvl","AllPub","Inside","Gtl","Somerst","Norm","Norm","1Fam","2Story",8,5,2007,2007,"Hip","CompShg","WdShing","Wd Shng",NA,NA,"Gd","TA","PConc","Ex","TA","Av","GLQ",745,"Unf",0,210,955,"GasA","Ex","Y","SBrkr",955,925,0,1880,1,0,2,1,3,1,"Ex",8,"Typ",1,"Gd","Attchd",2007,"Fin",3,880,"TA","TA","Y",168,127,0,0,0,0,NA,NA,NA,0,12,2007,"New","Partial"
"898",2358,60,"RL",NA,11613,"Pave",NA,"IR2","Lvl","AllPub","Corner","Gtl","SawyerW","Norm","Norm","1Fam","2Story",6,5,1993,1997,"Gable","CompShg","VinylSd","VinylSd","None",0,"Gd","TA","PConc","Gd","TA","No","ALQ",480,"Unf",0,384,864,"GasA","Ex","Y","SBrkr",920,900,0,1820,0,0,2,1,3,1,"Gd",7,"Typ",0,NA,"Attchd",1993,"RFn",2,492,"TA","TA","Y",144,85,0,0,0,0,NA,"GdPrv",NA,0,5,2007,"WD","Normal"
"899",2359,160,"RL",50,8012,"Pave",NA,"Reg","Lvl","AllPub","Inside","Gtl","SawyerW","Norm","Norm","TwnhsE","2Story",6,5,1980,1980,"Gable","CompShg","Plywood","Plywood","None",0,"TA","TA","CBlock","TA","TA","No","Unf",0,"Unf",0,630,630,"GasA","Ex","Y","SBrkr",630,636,0,1266,0,0,1,1,2,1,"TA",5,"Typ",2,"TA","Attchd",1980,"RFn",1,283,"TA","TA","Y",340,0,0,0,0,0,NA,"MnPrv",NA,0,7,2007,"WD","Normal"
"902",2362,60,"RL",NA,19522,"Pave",NA,"IR1","Bnk","AllPub","Inside","Gtl","Veenker","Norm","Norm","1Fam","2Story",7,5,1990,1990,"Gable","CompShg","HdBoard","HdBoard","BrkFace",272,"Gd","TA","PConc","Gd","TA","No","GLQ",727,"Unf",0,496,1223,"GasA","Gd","Y","SBrkr",1271,1232,0,2503,1,0,2,1,3,1,"Gd",7,"Typ",1,"TA","Attchd",1990,"RFn",2,564,"TA","TA","Y",0,99,0,0,182,0,NA,NA,NA,0,2,2007,"WD","Normal"
"910",2370,160,"FV",24,2280,"Pave","Pave","Reg","Lvl","AllPub","Inside","Gtl","Somerst","Norm","Norm","Twnhs","2Story",6,5,1999,1999,"Gable","CompShg","MetalSd","MetalSd","BrkFace",342,"TA","TA","PConc","Gd","TA","No","GLQ",565,"Unf",0,179,744,"GasA","Gd","Y","SBrkr",757,744,0,1501,1,0,2,1,3,1,"TA",6,"Typ",1,"TA","Detchd",1999,"Unf",2,440,"TA","TA","Y",0,0,0,0,0,0,NA,NA,NA,0,9,2007,"WD","Normal"
"911",2371,160,"FV",24,2117,"Pave",NA,"Reg","Lvl","AllPub","Inside","Gtl","Somerst","Norm","Norm","Twnhs","2Story",6,5,2000,2000,"Gable","CompShg","MetalSd","MetalSd","BrkFace",216,"Gd","TA","PConc","Gd","TA","No","GLQ",417,"Unf",0,339,756,"GasA","Ex","Y","SBrkr",769,804,0,1573,0,0,2,1,3,1,"Gd",4,"Typ",0,NA,"Detchd",2000,"Unf",2,440,"TA","TA","Y",0,32,0,0,0,0,NA,NA,NA,0,9,2007,"WD","Normal"
"913",2373,60,"FV",NA,8010,"Pave","Pave","IR1","Lvl","AllPub","Inside","Gtl","Somerst","Norm","Norm","1Fam","2Story",8,5,2003,2004,"Hip","CompShg","CemntBd","CmentBd","None",0,"Gd","TA","PConc","Ex","TA","No","GLQ",964,"Unf",0,90,1054,"GasA","Ex","Y","SBrkr",1072,976,0,2048,1,0,2,1,3,1,"Gd",8,"Typ",2,"Gd","Detchd",2003,"Unf",2,552,"TA","TA","Y",0,48,0,0,180,0,NA,NA,NA,0,8,2007,"WD","Normal"
"914",2374,60,"FV",106,8413,"Pave",NA,"IR1","Lvl","AllPub","Inside","Gtl","Somerst","Norm","Norm","1Fam","2Story",8,5,1998,1998,"Gable","CompShg","VinylSd","VinylSd","None",0,"Gd","Gd","PConc","Ex","TA","Mn","GLQ",901,"Unf",0,319,1220,"GasA","Ex","Y","SBrkr",1220,1142,0,2362,1,0,2,1,3,1,"Gd",8,"Typ",2,"TA","Attchd",1998,"RFn",2,1105,"Gd","TA","Y",147,0,36,0,144,0,NA,NA,NA,0,6,2007,"WD","Normal"
"924",2384,60,"RL",78,10530,"Pave",NA,"Reg","Lvl","AllPub","Inside","Gtl","NWAmes","Norm","Norm","1Fam","2Story",7,6,1993,1993,"Gable","CompShg","MetalSd","MetalSd","BrkFace",194,"Gd","TA","PConc","Gd","TA","No","GLQ",819,"Unf",0,329,1148,"GasA","Ex","Y","SBrkr",1091,984,0,2075,1,0,2,1,3,1,"Gd",8,"Typ",1,"Gd","Attchd",1993,"Unf",2,473,"TA","TA","Y",235,86,0,0,0,0,NA,NA,NA,0,8,2007,"WD","Normal"
"967",2427,70,"RL",60,10800,"Pave","Grvl","Reg","Lvl","AllPub","Inside","Gtl","OldTown","Norm","Norm","1Fam","2Story",5,9,1895,1999,"Gable","CompShg","Wd Sdng","HdBoard","None",0,"TA","Gd","CBlock","Gd","TA","Av","Unf",0,"Unf",0,736,736,"GasA","Ex","Y","SBrkr",751,783,0,1534,0,0,1,1,3,1,"Gd",6,"Typ",0,NA,NA,NA,NA,0,0,NA,NA,"N",0,112,0,0,0,0,NA,NA,NA,0,7,2007,"WD","Normal"
"987",2447,70,"RM",NA,10337,"Pave","Pave","IR1","Lvl","AllPub","Inside","Gtl","OldTown","Norm","Norm","1Fam","2Story",8,9,1910,1999,"Hip","CompShg","VinylSd","VinylSd","None",0,"Gd","Gd","BrkTil","TA","TA","No","Unf",0,"Unf",0,725,725,"GasA","Ex","N","SBrkr",909,863,0,1772,0,0,2,1,3,1,"Gd",7,"Typ",0,NA,"Detchd",1992,"Unf",2,816,"TA","TA","Y",0,0,0,0,0,0,NA,"MnPrv",NA,0,5,2007,"WD","Normal"
"989",2449,70,"RM",35,4571,"Pave","Grvl","Reg","Lvl","AllPub","Inside","Gtl","OldTown","Norm","Norm","1Fam","2Story",5,7,1910,1950,"Gable","CompShg","MetalSd","MetalSd","None",0,"TA","TA","BrkTil","TA","TA","No","BLQ",168,"Unf",0,448,616,"GasA","Ex","Y","SBrkr",616,616,0,1232,0,0,1,0,3,1,"TA",6,"Typ",0,NA,"Detchd",1920,"Unf",2,480,"Fa","Fa","Y",280,0,143,0,0,0,NA,NA,NA,0,6,2007,"WD","Normal"
"991",2451,70,"RM",60,3600,"Pave","Grvl","Reg","Lvl","AllPub","Inside","Gtl","OldTown","Norm","Norm","1Fam","2Story",5,7,1930,2005,"Gambrel","CompShg","VinylSd","VinylSd","None",0,"TA","Gd","BrkTil","TA","Fa","No","Rec",316,"Unf",0,371,687,"GasA","Gd","Y","SBrkr",687,671,0,1358,0,0,1,1,3,1,"Gd",6,"Typ",1,"Gd","Detchd",2004,"Unf",1,336,"TA","TA","Y",0,32,0,0,0,0,NA,"MnPrv",NA,0,7,2007,"WD","Partial"
"998",2458,70,"RM",50,6000,"Pave",NA,"Reg","Lvl","AllPub","Inside","Gtl","BrkSide","Norm","Norm","1Fam","2Story",6,6,1939,1950,"Gable","CompShg","MetalSd","VinylSd","None",0,"TA","TA","CBlock","TA","TA","Mn","Rec",276,"Unf",0,324,600,"GasA","Ex","Y","SBrkr",608,624,0,1232,0,0,1,1,3,1,"TA",6,"Typ",2,"TA","Attchd",1939,"Unf",1,217,"TA","TA","Y",0,0,0,0,0,0,NA,"GdWo",NA,0,2,2007,"WD","Normal"
"1004",2464,70,"RM",47,7755,"Pave",NA,"Reg","Lvl","AllPub","Inside","Gtl","OldTown","Norm","Norm","1Fam","2Story",6,8,1918,1995,"Gable","CompShg","Wd Sdng","Wd Sdng","None",0,"TA","Gd","CBlock","TA","TA","No","Unf",0,"Unf",0,1100,1100,"GasA","Ex","Y","FuseA",1100,1164,0,2264,0,0,2,1,4,1,"TA",8,"Typ",0,NA,"Detchd",1950,"Unf",1,408,"TA","TA","Y",0,152,0,0,0,0,NA,"MnPrv",NA,0,5,2007,"WD","Normal"
"1007",2467,70,"RM",NA,5700,"Pave",NA,"IR1","Lvl","AllPub","Corner","Gtl","OldTown","Feedr","Norm","1Fam","2Story",7,6,1929,1990,"Gable","CompShg","Wd Sdng","Wd Shng","None",0,"TA","TA","BrkTil","TA","TA","No","Rec",336,"Unf",0,336,672,"GasA","Gd","N","FuseA",672,672,0,1344,1,0,1,1,3,1,"Gd",6,"Typ",1,"Gd","Attchd",1979,"Unf",2,456,"TA","TA","Y",0,0,70,0,0,0,NA,"GdPrv",NA,0,9,2007,"WD","Normal"
"1011",2471,60,"RM",60,9780,"Pave","Grvl","Reg","Lvl","AllPub","Inside","Gtl","IDOTRR","Norm","Norm","1Fam","2Story",7,9,1950,2005,"Gable","CompShg","VinylSd","VinylSd","None",0,"TA","Ex","CBlock","TA","TA","No","LwQ",354,"Rec",398,224,976,"GasA","Ex","Y","SBrkr",976,976,0,1952,0,0,1,1,4,1,"Gd",8,"Typ",2,"TA","Detchd",1950,"Fin",1,299,"TA","TA","Y",285,0,0,0,216,0,NA,NA,NA,0,4,2007,"WD","Normal"
"1012",2472,50,"RM",60,10320,"Pave","Grvl","Reg","Lvl","AllPub","Inside","Gtl","IDOTRR","Norm","Norm","1Fam","1.5Fin",6,5,1915,1950,"Gable","CompShg","MetalSd","MetalSd","None",0,"TA","TA","CBlock","TA","Fa","No","LwQ",375,"Unf",0,763,1138,"GasA","Gd","Y","SBrkr",1138,1042,0,2180,0,0,1,1,3,1,"TA",7,"Typ",1,"Gd","Detchd",2006,"Unf",2,720,"TA","TA","N",0,0,170,0,0,0,NA,NA,NA,0,5,2007,"WD","Normal"
"1045",2505,60,"RL",75,9317,"Pave",NA,"Reg","Lvl","AllPub","Inside","Gtl","SawyerW","Norm","Norm","1Fam","2Story",7,5,1994,2001,"Gable","CompShg","VinylSd","VinylSd","None",0,"Gd","Gd","PConc","Gd","Gd","No","GLQ",497,"Unf",0,282,779,"GasA","Ex","Y","SBrkr",1029,929,0,1958,1,0,2,1,3,1,"Gd",7,"Typ",1,"TA","Attchd",1994,"RFn",2,499,"TA","TA","Y",202,93,0,0,0,0,NA,NA,NA,0,7,2007,"CWD","Normal"
"1052",2512,60,"RL",78,9316,"Pave",NA,"Reg","Lvl","AllPub","Inside","Gtl","CollgCr","Norm","Norm","1Fam","2Story",7,5,2005,2006,"Gable","CompShg","VinylSd","VinylSd","None",0,"Gd","TA","PConc","Gd","TA","Gd","Unf",0,"Unf",0,879,879,"GasA","Ex","Y","SBrkr",879,916,0,1795,0,0,2,1,3,1,"Gd",7,"Typ",0,NA,"Attchd",2005,"RFn",2,578,"TA","TA","Y",164,111,0,0,0,0,NA,NA,NA,0,10,2007,"WD","Normal"
"1053",2513,60,"RL",NA,8883,"Pave",NA,"IR1","Lvl","AllPub","Inside","Gtl","SawyerW","Norm","Norm","1Fam","2Story",7,5,1988,1988,"Gable","CompShg","HdBoard","HdBoard","BrkFace",360,"Gd","TA","PConc","Gd","TA","No","GLQ",608,"LwQ",321,0,929,"GasA","Ex","Y","SBrkr",946,927,0,1873,1,0,2,1,3,1,"Gd",7,"Typ",1,"TA","Attchd",1988,"RFn",2,619,"TA","TA","Y",108,48,0,0,144,0,NA,"GdPrv",NA,0,5,2007,"WD","Normal"
"1056",2516,60,"RL",57,10021,"Pave",NA,"IR1","Lvl","AllPub","Inside","Gtl","CollgCr","Norm","Norm","1Fam","2Story",6,6,1997,2006,"Gable","CompShg","VinylSd","VinylSd","None",0,"TA","Gd","PConc","Gd","TA","No","GLQ",539,"Unf",0,96,635,"GasA","Ex","Y","SBrkr",646,662,0,1308,1,0,2,1,3,1,"Gd",6,"Typ",0,NA,"Attchd",1997,"RFn",2,497,"TA","TA","Y",142,54,0,0,0,0,NA,NA,NA,0,5,2007,"WD","Normal"
"1060",2520,60,"RL",43,12352,"Pave",NA,"IR2","Lvl","AllPub","CulDSac","Gtl","CollgCr","Norm","Norm","1Fam","2Story",7,5,1998,1999,"Gable","CompShg","VinylSd","VinylSd","BrkFace",290,"Gd","TA","PConc","Gd","TA","No","GLQ",638,"Unf",0,215,853,"GasA","Ex","Y","SBrkr",853,900,0,1753,1,0,2,1,3,1,"TA",7,"Typ",1,"Fa","Attchd",1998,"RFn",2,534,"TA","TA","Y",0,74,0,0,0,0,NA,NA,NA,0,3,2007,"WD","Normal"
"1061",2521,60,"RL",68,9543,"Pave",NA,"IR1","Lvl","AllPub","Inside","Gtl","CollgCr","Norm","Norm","1Fam","2Story",7,5,2001,2001,"Gable","CompShg","VinylSd","VinylSd","None",0,"Gd","TA","PConc","Gd","TA","No","Unf",0,"Unf",0,845,845,"GasA","Ex","Y","SBrkr",845,845,0,1690,0,0,2,1,3,1,"Gd",7,"Typ",0,NA,"Attchd",2001,"RFn",2,517,"TA","TA","Y",0,103,0,0,0,0,NA,NA,NA,0,2,2007,"WD","Normal"
"1072",2532,60,"RL",70,8749,"Pave",NA,"Reg","Lvl","AllPub","Inside","Gtl","CollgCr","Norm","Norm","1Fam","2Story",7,5,2003,2003,"Gable","CompShg","VinylSd","VinylSd","None",0,"Gd","TA","PConc","Gd","TA","No","GLQ",654,"Unf",0,325,979,"GasA","Ex","Y","SBrkr",992,940,0,1932,1,0,2,1,3,1,"Gd",7,"Typ",1,"Gd","Attchd",2003,"RFn",2,610,"TA","TA","Y",0,120,0,0,0,0,NA,NA,NA,0,6,2007,"WD","Normal"
"1073",2533,60,"RL",65,8158,"Pave",NA,"Reg","Lvl","AllPub","Inside","Gtl","CollgCr","Norm","Norm","1Fam","2Story",7,5,2002,2002,"Gable","CompShg","VinylSd","VinylSd","BrkFace",214,"Gd","TA","PConc","Gd","TA","No","Unf",0,"Unf",0,860,860,"GasA","Ex","Y","SBrkr",860,869,0,1729,0,0,2,1,3,1,"Gd",7,"Typ",0,NA,"Attchd",2002,"Fin",2,542,"TA","TA","Y",386,63,0,0,0,0,NA,NA,NA,0,8,2007,"WD","Normal"
"1078",2538,60,"RL",70,8145,"Pave",NA,"IR1","Lvl","AllPub","Inside","Gtl","CollgCr","Norm","Norm","1Fam","2Story",7,5,2007,2007,"Gable","CompShg","VinylSd","VinylSd","None",0,"Gd","TA","PConc","Gd","TA","No","Unf",0,"Unf",0,738,738,"GasA","Ex","Y","SBrkr",738,738,0,1476,0,0,2,1,3,1,"Gd",7,"Typ",0,NA,"Attchd",2007,"RFn",2,552,"TA","TA","Y",0,35,0,0,0,0,NA,NA,NA,0,6,2007,"New","Partial"
"1081",2541,60,"RL",64,8333,"Pave",NA,"Reg","Lvl","AllPub","Inside","Gtl","CollgCr","Norm","Norm","1Fam","2Story",7,5,2006,2006,"Gable","CompShg","VinylSd","VinylSd","None",0,"Gd","TA","PConc","Gd","TA","No","Unf",0,"Unf",0,738,738,"GasA","Gd","Y","SBrkr",738,753,0,1491,0,0,2,1,3,1,"Gd",7,"Typ",1,"Gd","Attchd",2006,"RFn",2,484,"TA","TA","Y",100,30,0,0,0,0,NA,NA,NA,0,5,2007,"WD","Normal"
"1082",2542,60,"RL",64,9045,"Pave",NA,"IR1","Lvl","AllPub","Inside","Gtl","CollgCr","Norm","Norm","1Fam","2Story",5,5,2005,2005,"Gable","CompShg","VinylSd","VinylSd","None",0,"Gd","TA","PConc","Gd","TA","Mn","Unf",0,"Unf",0,768,768,"GasA","Ex","Y","SBrkr",768,768,0,1536,0,0,2,1,3,1,"Gd",6,"Typ",0,NA,"Attchd",2005,"Fin",2,400,"TA","TA","Y",0,40,0,0,0,0,NA,NA,NA,0,6,2007,"WD","Normal"
"1088",2548,90,"RL",NA,9555,"Pave",NA,"IR1","Lvl","AllPub","CulDSac","Gtl","Edwards","Norm","Norm","Duplex","2Story",5,6,1979,1979,"Gable","CompShg","Plywood","Plywood","None",0,"TA","TA","Slab",NA,NA,NA,NA,0,NA,0,0,0,"GasA","TA","Y","SBrkr",1100,1133,0,2233,0,0,2,1,5,2,"TA",11,"Typ",0,NA,"Attchd",1979,"Fin",2,579,"TA","Gd","Y",0,0,0,0,0,0,NA,NA,NA,0,2,2007,"WD","Normal"
"1089",2549,60,"RL",60,7023,"Pave",NA,"Reg","Lvl","AllPub","Inside","Gtl","Edwards","Norm","Norm","1Fam","2Story",5,5,2005,2006,"Gable","CompShg","VinylSd","VinylSd","None",0,"TA","TA","PConc","Gd","Gd","No","GLQ",611,"Unf",0,123,734,"GasA","Gd","Y","SBrkr",734,674,0,1408,1,0,2,1,3,1,"TA",6,"Typ",0,NA,"BuiltIn",2005,"Fin",2,489,"TA","TA","Y",0,85,0,0,0,0,NA,NA,NA,0,5,2007,"WD","Normal"
"1098",2558,90,"RL",60,10890,"Pave",NA,"Reg","Lvl","AllPub","Inside","Gtl","SWISU","Norm","Norm","Duplex","2Story",5,6,1923,1950,"Hip","CompShg","Wd Sdng","Plywood","None",0,"TA","TA","PConc","TA","TA","Mn","Rec",371,"Unf",0,925,1296,"Grav","Fa","N","FuseA",1296,1296,0,2592,2,0,2,0,6,2,"TA",12,"Min2",0,NA,NA,NA,NA,0,0,NA,NA,"Y",0,742,240,0,0,0,NA,NA,"Shed",1512,1,2007,"WD","AdjLand"
"1101",2561,70,"RL",63,4000,"Pave",NA,"Reg","Lvl","AllPub","Inside","Gtl","Crawfor","Norm","Norm","1Fam","2Story",7,8,1930,1995,"Gable","CompShg","Wd Sdng","Wd Sdng","None",0,"TA","TA","BrkTil","Gd","TA","No","GLQ",246,"Unf",0,285,531,"GasA","TA","Y","SBrkr",567,531,0,1098,1,0,1,0,2,1,"TA",5,"Typ",1,"Gd","Detchd",1930,"Unf",1,216,"TA","TA","Y",0,0,0,0,0,0,NA,"MnPrv",NA,0,6,2007,"WD","Normal"
"1104",2564,70,"RL",60,7230,"Pave",NA,"Reg","Lvl","AllPub","Inside","Gtl","Crawfor","Norm","Norm","1Fam","2.5Unf",7,7,1927,1992,"Gable","CompShg","VinylSd","VinylSd","None",0,"TA","TA","BrkTil","TA","TA","No","Unf",0,"Unf",0,851,851,"GasA","Gd","Y","SBrkr",867,851,0,1718,0,0,2,1,4,1,"Gd",8,"Typ",1,"TA","Detchd",1927,"Unf",2,264,"TA","TA","Y",291,0,60,0,153,0,NA,"GdPrv",NA,0,10,2007,"WD","Normal"
"1110",2570,160,"RM",24,1782,"Pave",NA,"Reg","Lvl","AllPub","Inside","Gtl","Blueste","Norm","Norm","Twnhs","2Story",6,6,1980,1980,"Gable","CompShg","MetalSd","MetalSd","None",0,"TA","Gd","CBlock","Gd","TA","No","GLQ",330,"Unf",0,186,516,"GasA","Gd","Y","SBrkr",529,516,0,1045,0,0,1,0,2,1,"TA",5,"Typ",1,"TA","Detchd",1980,"Unf",2,462,"TA","TA","Y",180,0,0,0,0,0,NA,"MnPrv",NA,0,12,2007,"WD","Normal"
"1117",2577,70,"RM",50,9060,"Pave",NA,"Reg","Lvl","AllPub","Inside","Gtl","IDOTRR","Norm","Norm","1Fam","2Story",5,6,1923,1999,"Gable","CompShg","Wd Sdng","Plywood","None",0,"TA","TA","BrkTil","Gd","TA","No","ALQ",548,"Unf",0,311,859,"GasA","Ex","Y","SBrkr",942,886,0,1828,0,0,2,0,3,1,"Gd",6,"Typ",0,NA,"Detchd",NA,NA,NA,NA,NA,NA,"Y",174,0,212,0,0,0,NA,"MnPrv",NA,0,3,2007,"WD","Alloca"
"1120",2580,190,"C (all)",75,8250,"Pave",NA,"Reg","Lvl","AllPub","Inside","Gtl","IDOTRR","Feedr","Norm","2fmCon","2Story",5,6,1895,2006,"Gable","CompShg","VinylSd","VinylSd","None",0,"TA","Gd","CBlock","TA","TA","No","Unf",0,"Unf",0,957,957,"GasA","Fa","N","SBrkr",1034,957,0,1991,0,0,2,0,4,2,"TA",9,"Typ",0,NA,NA,NA,NA,0,0,NA,NA,"N",0,0,133,0,0,0,NA,NA,NA,0,6,2007,"WD","Normal"
"1142",2602,160,"RM",21,1504,"Pave",NA,"Reg","Lvl","AllPub","Inside","Gtl","MeadowV","Norm","Norm","Twnhs","2Story",4,4,1972,1972,"Gable","CompShg","CemntBd","CmentBd","None",0,"TA","TA","CBlock","TA","TA","No","BLQ",252,"Unf",0,294,546,"GasA","TA","Y","SBrkr",546,546,0,1092,0,0,1,1,3,1,"TA",5,"Typ",0,NA,"Attchd",1972,"Unf",1,253,"TA","TA","Y",0,0,0,0,0,0,NA,NA,NA,0,5,2007,"WD","Normal"
"1144",2604,160,"RM",21,1495,"Pave",NA,"Reg","Lvl","AllPub","Inside","Gtl","MeadowV","Norm","Norm","TwnhsE","2Story",4,6,1970,1970,"Gable","CompShg","CemntBd","CmentBd","BrkFace",189,"TA","TA","CBlock","TA","TA","No","ALQ",384,"Unf",0,162,546,"GasA","Ex","Y","SBrkr",546,546,0,1092,0,0,1,1,3,1,"TA",5,"Typ",0,NA,NA,NA,NA,0,0,NA,NA,"Y",0,64,0,0,0,0,NA,NA,NA,0,5,2007,"WD","Normal"
"1145",2605,160,"RM",21,1890,"Pave",NA,"Reg","Lvl","AllPub","Inside","Gtl","MeadowV","Norm","Norm","Twnhs","2Story",4,3,1976,1976,"Gable","CompShg","CemntBd","CmentBd","None",0,"TA","TA","CBlock","TA","TA","No","Unf",0,"Unf",0,546,546,"GasA","Ex","Y","SBrkr",546,546,0,1092,0,0,1,1,3,1,"TA",6,"Typ",0,NA,"Attchd",1976,"Unf",1,286,"TA","TA","Y",0,0,0,0,0,0,NA,"GdWo",NA,0,4,2007,"COD","Normal"
"1149",2609,60,"RL",68,8286,"Pave",NA,"IR1","Lvl","AllPub","Corner","Gtl","Mitchel","Norm","Norm","1Fam","2Story",5,7,1977,1977,"Gable","CompShg","Plywood","Plywood","None",0,"TA","TA","PConc","Gd","TA","No","Rec",531,"Unf",0,185,716,"GasA","Ex","Y","SBrkr",716,716,0,1432,1,0,1,1,3,1,"TA",6,"Typ",1,"Gd","Attchd",1977,"Fin",2,531,"TA","TA","Y",0,136,0,0,240,0,NA,"GdPrv",NA,0,6,2007,"WD","Normal"
"1163",2623,60,"RL",50,13128,"Pave",NA,"IR1","HLS","AllPub","CulDSac","Gtl","Gilbert","Norm","Norm","1Fam","2Story",8,5,2005,2005,"Gable","CompShg","VinylSd","VinylSd","BrkFace",216,"Gd","TA","PConc","Gd","TA","No","Unf",0,"Unf",0,1074,1074,"GasA","Ex","Y","SBrkr",1074,990,0,2064,0,0,2,1,4,1,"Gd",7,"Typ",1,"Gd","Attchd",2005,"Fin",2,527,"TA","TA","Y",0,119,0,0,0,0,NA,NA,NA,0,1,2006,"WD","Normal"
"1168",2628,60,"RL",59,16023,"Pave",NA,"IR1","HLS","AllPub","CulDSac","Gtl","StoneBr","Norm","Norm","1Fam","2Story",9,5,2005,2006,"Hip","CompShg","VinylSd","VinylSd","BrkFace",600,"Gd","Ex","PConc","Ex","TA","Gd","GLQ",1218,"Unf",0,180,1398,"GasA","Ex","Y","SBrkr",1414,1384,0,2798,1,0,3,1,3,1,"Ex",11,"Typ",1,"Gd","BuiltIn",2005,"Fin",3,670,"TA","TA","Y",182,37,0,0,0,0,NA,NA,NA,0,3,2006,"New","Partial"
"1172",2632,60,"RL",92,15922,"Pave",NA,"IR1","HLS","AllPub","Corner","Gtl","StoneBr","Norm","Norm","1Fam","2Story",9,5,2005,2006,"Hip","CompShg","VinylSd","VinylSd","BrkFace",550,"Gd","TA","PConc","Ex","TA","Av","Unf",0,"Unf",0,1390,1390,"GasA","Ex","Y","SBrkr",1390,1405,0,2795,0,0,3,1,4,1,"Ex",10,"Typ",1,"Gd","BuiltIn",2005,"Fin",3,660,"TA","TA","Y",272,102,0,0,0,0,NA,NA,NA,0,1,2006,"New","Partial"
"1176",2636,60,"RL",81,10530,"Pave",NA,"Reg","Lvl","AllPub","Inside","Gtl","NWAmes","PosA","Norm","1Fam","2Story",7,5,1978,1978,"Gable","CompShg","Plywood","Plywood","BrkFace",68,"TA","TA","CBlock","TA","TA","No","Unf",0,"Unf",0,945,945,"GasA","TA","Y","SBrkr",945,912,0,1857,0,0,2,1,4,1,"TA",8,"Typ",1,"TA","Attchd",1978,"RFn",2,482,"TA","TA","Y",400,105,0,0,0,0,NA,"GdPrv",NA,0,7,2006,"WD","Normal"
"1183",2643,160,"RM",24,2760,"Pave",NA,"Reg","Lvl","AllPub","Inside","Gtl","BrDale","Norm","Norm","TwnhsE","2Story",6,5,1973,1973,"Gable","CompShg","HdBoard","HdBoard","BrkFace",514,"TA","TA","CBlock","TA","TA","No","Unf",0,"Unf",0,525,525,"GasA","TA","Y","SBrkr",525,567,0,1092,0,0,1,1,3,1,"TA",6,"Typ",0,NA,"Detchd",1973,"Unf",2,440,"TA","TA","Y",0,0,0,0,0,0,NA,NA,NA,0,12,2006,"WD","Normal"
"1185",2645,160,"RM",21,1890,"Pave",NA,"Reg","Lvl","AllPub","Inside","Gtl","BrDale","Norm","Norm","Twnhs","2Story",6,7,1972,1972,"Gable","CompShg","HdBoard","HdBoard","BrkFace",380,"TA","TA","CBlock","TA","TA","No","ALQ",282,"Unf",0,212,494,"GasA","Ex","Y","SBrkr",494,536,0,1030,0,0,1,1,3,1,"TA",6,"Typ",0,NA,"Detchd",1973,"Unf",1,264,"TA","TA","Y",0,0,0,0,0,0,NA,NA,NA,0,7,2006,"WD","Normal"
"1186",2646,160,"RM",21,1680,"Pave",NA,"Reg","Lvl","AllPub","Inside","Gtl","BrDale","Norm","Norm","Twnhs","2Story",6,5,1972,1972,"Gable","CompShg","HdBoard","HdBoard","BrkFace",504,"TA","TA","CBlock","TA","TA","No","ALQ",276,"Unf",0,207,483,"GasA","TA","Y","SBrkr",483,465,0,948,0,0,1,1,2,1,"TA",5,"Typ",0,NA,"Detchd",1972,"Unf",1,264,"TA","TA","Y",0,0,0,0,0,0,NA,NA,NA,0,7,2006,"WD","Normal"
"1187",2647,160,"RM",21,1680,"Pave",NA,"Reg","Lvl","AllPub","Inside","Gtl","BrDale","Norm","Norm","Twnhs","2Story",6,5,1972,1972,"Gable","CompShg","HdBoard","HdBoard","BrkFace",504,"TA","TA","CBlock","TA","TA","No","BLQ",382,"Unf",0,143,525,"GasA","Gd","Y","SBrkr",525,567,0,1092,0,0,1,1,3,1,"TA",6,"Typ",0,NA,"Detchd",1972,"Unf",1,264,"TA","TA","Y",352,0,0,0,0,0,NA,"GdPrv",NA,0,10,2006,"WD","Normal"
"1196",2656,60,"RL",120,13975,"Pave",NA,"IR1","Lvl","AllPub","Corner","Gtl","NridgHt","Norm","Norm","1Fam","2Story",9,5,2005,2006,"Hip","CompShg","VinylSd","VinylSd","BrkFace",525,"Gd","TA","PConc","Gd","TA","Av","Unf",0,"Unf",0,1090,1090,"GasA","Ex","Y","SBrkr",1117,1089,0,2206,0,0,2,1,4,1,"Ex",10,"Typ",1,"Gd","BuiltIn",2005,"Fin",3,670,"TA","TA","Y",148,95,0,0,0,0,NA,NA,NA,0,8,2006,"New","Partial"
"1207",2667,60,"RL",65,10237,"Pave",NA,"Reg","Lvl","AllPub","Inside","Gtl","Gilbert","RRAn","Norm","1Fam","2Story",6,5,2005,2006,"Gable","CompShg","VinylSd","VinylSd","None",0,"Gd","TA","PConc","Gd","TA","No","Unf",0,"Unf",0,728,728,"GasA","Ex","Y","SBrkr",728,728,0,1456,0,0,2,1,3,1,"Gd",8,"Typ",1,"Gd","Attchd",2005,"Fin",2,390,"TA","TA","Y",0,24,0,0,0,0,NA,NA,NA,0,2,2006,"New","Partial"
"1208",2668,60,"RL",65,10237,"Pave",NA,"Reg","Lvl","AllPub","Inside","Gtl","Gilbert","RRAn","Norm","1Fam","2Story",7,5,2006,2006,"Gable","CompShg","VinylSd","VinylSd","None",0,"Gd","TA","PConc","Gd","TA","No","Unf",0,"Unf",0,738,738,"GasA","Ex","Y","SBrkr",738,754,0,1492,0,0,2,1,3,1,"Gd",8,"Typ",0,NA,"Attchd",2006,"Fin",2,440,"TA","TA","Y",0,32,0,0,0,0,NA,NA,NA,0,9,2006,"New","Partial"
"1211",2671,60,"RL",75,9073,"Pave",NA,"IR1","Lvl","AllPub","Inside","Gtl","Gilbert","Norm","Norm","1Fam","2Story",7,5,2006,2006,"Gable","CompShg","VinylSd","VinylSd","None",0,"Gd","TA","PConc","Gd","TA","No","Unf",0,"Unf",0,738,738,"GasA","Ex","Y","SBrkr",738,754,0,1492,0,0,2,1,3,1,"Gd",8,"Typ",0,NA,"Attchd",2006,"Fin",2,440,"TA","TA","Y",100,32,0,0,0,0,NA,NA,NA,0,10,2006,"New","Partial"
"1222",2682,60,"RL",83,10019,"Pave",NA,"IR1","Lvl","AllPub","Inside","Gtl","NoRidge","Norm","Norm","1Fam","2Story",8,5,1995,1995,"Hip","CompShg","VinylSd","VinylSd","BrkFace",397,"Gd","TA","PConc","Gd","TA","No","ALQ",527,"Unf",0,815,1342,"GasA","Ex","Y","SBrkr",1358,1368,0,2726,0,0,2,1,4,1,"Gd",9,"Typ",1,"Ex","Attchd",1995,"RFn",3,725,"TA","TA","Y",307,169,168,0,0,0,NA,NA,NA,0,6,2006,"WD","Normal"
"1224",2684,60,"RL",NA,10236,"Pave",NA,"IR1","Lvl","AllPub","Inside","Gtl","NoRidge","Norm","Norm","1Fam","2Story",8,5,1994,1995,"Gable","CompShg","VinylSd","VinylSd","BrkFace",501,"Gd","TA","PConc","Gd","TA","Gd","GLQ",380,"BLQ",168,742,1290,"GasA","Ex","Y","SBrkr",1305,1189,0,2494,1,0,2,1,4,1,"Gd",9,"Typ",1,"TA","Attchd",1994,"Fin",3,803,"TA","TA","Y",200,95,0,0,0,0,NA,"GdPrv",NA,0,6,2006,"WD","Normal"
"1231",2691,60,"FV",65,8125,"Pave",NA,"Reg","Lvl","AllPub","Inside","Gtl","Somerst","Norm","Norm","1Fam","2Story",6,5,2005,2005,"Gable","CompShg","VinylSd","VinylSd","None",0,"Gd","TA","PConc","Gd","TA","No","Unf",0,"Unf",0,858,858,"GasA","Ex","Y","SBrkr",858,858,0,1716,0,0,2,1,3,1,"Gd",7,"Typ",0,NA,"Attchd",2005,"RFn",2,615,"TA","TA","Y",0,53,0,0,0,0,NA,NA,NA,0,2,2006,"WD","Normal"
"1236",2696,60,"RL",74,7632,"Pave",NA,"IR1","Lvl","AllPub","Inside","Gtl","SawyerW","Norm","Norm","1Fam","2Story",7,5,2005,2005,"Gable","CompShg","VinylSd","VinylSd","BrkFace",96,"Gd","TA","PConc","Gd","TA","No","Unf",0,"Unf",0,784,784,"GasA","Ex","Y","SBrkr",831,754,0,1585,0,0,2,1,3,1,"Gd",7,"Typ",0,NA,"Attchd",2005,"RFn",2,449,"TA","TA","Y",100,77,0,0,0,0,NA,NA,NA,0,3,2006,"WD","Normal"
"1237",2697,60,"RL",70,8304,"Pave",NA,"IR1","Lvl","AllPub","Inside","Gtl","SawyerW","Norm","Norm","1Fam","2Story",6,5,1997,1998,"Gable","CompShg","VinylSd","VinylSd","None",0,"TA","TA","PConc","Gd","TA","No","Unf",0,"Unf",0,941,941,"GasA","Ex","Y","SBrkr",941,896,0,1837,0,0,2,1,3,1,"TA",7,"Typ",0,NA,"Attchd",1997,"RFn",2,688,"TA","TA","Y",150,165,0,0,0,0,NA,"GdPrv",NA,0,7,2006,"WD","Normal"
"1238",2698,60,"RL",70,9370,"Pave",NA,"IR2","Lvl","AllPub","Inside","Gtl","SawyerW","Norm","Norm","1Fam","2Story",6,5,1992,1993,"Gable","CompShg","HdBoard","HdBoard","None",0,"Gd","TA","PConc","Gd","TA","No","ALQ",758,"Unf",0,78,836,"GasA","Ex","Y","SBrkr",844,887,0,1731,1,0,2,1,3,1,"Gd",7,"Typ",0,NA,"Attchd",1992,"RFn",2,462,"TA","TA","Y",307,85,0,0,224,0,NA,NA,"Othr",3000,10,2006,"WD","Family"
"1241",2701,60,"RL",NA,9019,"Pave",NA,"IR1","Lvl","AllPub","Inside","Gtl","SawyerW","RRAe","Norm","1Fam","2Story",6,5,1994,1994,"Gable","CompShg","VinylSd","VinylSd","None",0,"TA","TA","PConc","Gd","TA","No","ALQ",274,"Unf",0,362,636,"GasA","Ex","Y","SBrkr",636,684,0,1320,0,0,2,1,3,1,"Gd",6,"Typ",0,NA,"Attchd",1994,"Fin",2,472,"TA","TA","Y",0,40,0,0,0,0,NA,NA,NA,0,7,2006,"WD","Normal"
"1255",2715,160,"FV",NA,2998,"Pave",NA,"Reg","Lvl","AllPub","Inside","Gtl","Somerst","Norm","Norm","TwnhsE","2Story",6,5,2000,2000,"Gable","CompShg","MetalSd","MetalSd","BrkFace",513,"Gd","TA","PConc","Gd","TA","No","GLQ",353,"Unf",0,403,756,"GasA","Ex","Y","SBrkr",768,756,0,1524,0,0,2,1,2,1,"Gd",4,"Typ",0,NA,"Detchd",2000,"Unf",2,440,"TA","TA","Y",0,32,0,0,0,0,NA,NA,NA,0,6,2006,"WD","Normal"
"1256",2716,160,"FV",NA,4447,"Pave",NA,"IR1","Lvl","AllPub","FR2","Gtl","Somerst","Norm","Norm","TwnhsE","2Story",7,5,2003,2003,"Gable","CompShg","VinylSd","VinylSd","None",0,"Gd","TA","PConc","Gd","TA","No","Unf",0,"Unf",0,530,530,"GasA","Ex","Y","SBrkr",530,550,0,1080,0,0,2,1,2,1,"Gd",4,"Typ",0,NA,"Attchd",2003,"RFn",2,496,"TA","TA","Y",0,50,0,0,0,0,NA,NA,NA,0,7,2006,"WD","Normal"
"1257",2717,60,"FV",114,8314,"Pave","Pave","IR1","Lvl","AllPub","Corner","Gtl","Somerst","Norm","Norm","1Fam","2Story",7,5,1997,1998,"Hip","CompShg","Wd Sdng","Wd Sdng","None",0,"Gd","TA","PConc","Gd","TA","No","Unf",0,"Unf",0,569,569,"GasA","Ex","Y","SBrkr",854,840,0,1694,0,0,2,1,3,1,"Gd",6,"Typ",1,"TA","BuiltIn",1997,"Unf",1,434,"TA","TA","Y",0,382,0,0,110,0,NA,"GdPrv",NA,0,11,2006,"WD","Normal"
"1262",2722,60,"RL",72,8640,"Pave",NA,"Reg","Lvl","AllPub","Inside","Gtl","NAmes","Feedr","Norm","1Fam","2Story",5,5,1968,1968,"Gable","CompShg","HdBoard","HdBoard","BrkFace",300,"TA","TA","CBlock","Gd","Fa","Mn","ALQ",361,"Rec",483,56,900,"GasA","Ex","Y","SBrkr",884,886,0,1770,1,0,1,1,4,1,"TA",7,"Typ",0,NA,"Attchd",1968,"RFn",2,530,"TA","TA","Y",0,60,0,0,270,0,NA,NA,"Shed",455,6,2006,"WD","Normal"
"1269",2729,60,"RL",85,9350,"Pave",NA,"Reg","Lvl","AllPub","Inside","Gtl","NAmes","Norm","Norm","1Fam","2Story",5,6,1964,1964,"Gable","CompShg","HdBoard","HdBoard","None",0,"TA","TA","CBlock","TA","TA","No","ALQ",360,"Unf",0,360,720,"GasA","Gd","Y","SBrkr",720,720,0,1440,0,0,1,1,4,1,"TA",7,"Typ",1,"Po","Attchd",1964,"Fin",2,480,"TA","TA","Y",0,32,240,0,0,0,NA,NA,NA,0,7,2006,"WD","Normal"
"1299",2759,70,"RL",60,7200,"Pave","Grvl","Reg","Lvl","AllPub","Inside","Gtl","OldTown","Norm","Norm","1Fam","2Story",6,8,1915,1950,"Gable","CompShg","MetalSd","MetalSd","None",0,"TA","Ex","CBlock","TA","TA","No","Rec",338,"Unf",0,325,663,"GasA","Ex","Y","SBrkr",774,821,0,1595,0,0,2,0,3,1,"TA",7,"Typ",1,"Gd","Detchd",1974,"Unf",2,528,"TA","TA","Y",49,0,231,0,0,0,NA,NA,NA,0,4,2006,"WD","Normal"
"1313",2773,70,"RM",62,9856,"Pave","Grvl","Reg","Lvl","AllPub","Corner","Gtl","OldTown","Norm","Norm","1Fam","2Story",5,8,1900,2005,"Hip","CompShg","CemntBd","CmentBd","None",0,"Gd","Gd","PConc","Fa","TA","No","Unf",0,"Unf",0,716,716,"GasA","Ex","Y","FuseA",1007,1007,0,2014,0,0,2,0,5,1,"TA",8,"Typ",0,NA,"Detchd",1900,"Unf",2,624,"TA","TA","Y",0,72,167,0,0,0,NA,NA,NA,0,6,2006,"WD","Normal"
"1318",2778,70,"RM",66,3960,"Pave","Grvl","Reg","Lvl","AllPub","Inside","Gtl","OldTown","Norm","Norm","1Fam","2Story",7,8,1930,1950,"Gable","CompShg","Wd Sdng","Wd Sdng","None",0,"TA","TA","BrkTil","TA","TA","No","Unf",0,"Unf",0,502,502,"GasA","TA","N","SBrkr",502,502,0,1004,0,0,1,0,2,1,"Gd",5,"Typ",1,"Po","Detchd",1930,"Unf",1,200,"Fa","TA","N",280,0,68,0,0,0,NA,"MnPrv",NA,0,7,2006,"WD","Normal"
"1323",2783,70,"RM",42,7614,"Pave","Grvl","Reg","Lvl","AllPub","Inside","Mod","OldTown","Norm","Norm","1Fam","2Story",3,5,1905,1950,"Gable","CompShg","MetalSd","MetalSd","None",0,"TA","TA","BrkTil","TA","Fa","Mn","Unf",0,"Unf",0,738,738,"GasA","Gd","Y","FuseA",714,662,0,1376,0,0,1,0,2,1,"TA",7,"Typ",0,NA,"Detchd",1930,"Unf",1,216,"TA","TA","N",0,0,104,0,225,0,NA,NA,NA,0,3,2006,"WD","Normal"
"1325",2785,50,"RM",50,6000,"Pave",NA,"Reg","Lvl","AllPub","Inside","Gtl","OldTown","Norm","Norm","1Fam","1.5Fin",5,7,1924,1950,"Gable","CompShg","MetalSd","MetalSd","BrkFace",145,"TA","Gd","PConc","TA","TA","No","Unf",0,"Unf",0,816,816,"GasA","Ex","Y","SBrkr",816,750,0,1566,0,0,1,1,5,1,"Gd",7,"Typ",0,NA,"Detchd",1976,"Unf",2,450,"TA","TA","Y",24,0,296,0,0,0,NA,"MnPrv",NA,0,8,2006,"WD","Normal"
"1330",2790,90,"RM",33,5976,"Pave",NA,"Reg","Lvl","AllPub","Inside","Gtl","OldTown","Norm","Norm","Duplex","2Story",5,7,1920,1950,"Hip","CompShg","Wd Sdng","Wd Sdng","None",0,"TA","TA","PConc","TA","TA","No","Unf",0,"Unf",0,624,624,"GasA","Gd","N","FuseA",624,624,0,1248,0,0,2,0,2,2,"TA",8,"Typ",0,NA,NA,NA,NA,0,0,NA,NA,"N",0,130,256,0,0,0,NA,NA,NA,0,12,2006,"WD","Normal"
"1339",2799,70,"RM",60,7518,"Pave",NA,"Reg","Lvl","AllPub","FR3","Gtl","IDOTRR","Norm","Norm","1Fam","2Story",5,8,1910,2004,"Gable","CompShg","AsbShng","Plywood","None",0,"Fa","Gd","BrkTil","Fa","Fa","No","Unf",0,"Unf",0,396,396,"GasA","Gd","Y","SBrkr",665,665,0,1330,0,0,1,0,3,1,"TA",7,"Typ",0,NA,"Detchd",2001,"Unf",1,390,"TA","TA","N",0,72,45,0,0,0,NA,"MnPrv",NA,0,7,2006,"WD","Normal"
"1363",2823,75,"RL",60,19800,"Pave",NA,"Reg","Lvl","AllPub","Inside","Gtl","Edwards","Norm","Norm","1Fam","2.5Unf",6,8,1935,1990,"Gable","CompShg","BrkFace","Wd Sdng","None",0,"TA","TA","BrkTil","TA","TA","No","Rec",425,"Unf",0,1411,1836,"GasA","Gd","Y","SBrkr",1836,1836,0,3672,0,0,3,1,5,1,"Gd",7,"Typ",2,"Gd","Detchd",1993,"Unf",2,836,"TA","TA","Y",684,80,32,0,0,0,NA,NA,NA,0,12,2006,"WD","Normal"
"1368",2828,60,"RL",88,12128,"Pave",NA,"IR1","Bnk","AllPub","Inside","Gtl","SawyerW","Norm","Norm","1Fam","2Story",6,4,1989,1989,"Gable","CompShg","HdBoard","HdBoard","BrkFace",232,"Gd","TA","CBlock","Gd","TA","No","ALQ",549,"Unf",0,319,868,"GasA","Ex","Y","SBrkr",1313,1246,0,2559,0,0,2,1,4,1,"Ex",9,"Typ",1,"TA","Attchd",1989,"RFn",2,506,"TA","TA","Y",0,245,0,0,168,0,NA,"MnPrv",NA,0,11,2006,"WD","Abnorml"
"1374",2834,60,"RL",91,10984,"Pave",NA,"IR1","Lvl","AllPub","Corner","Gtl","CollgCr","Norm","Norm","1Fam","2Story",7,5,2005,2006,"Gable","CompShg","VinylSd","VinylSd","None",0,"Gd","TA","PConc","Gd","TA","Gd","Unf",0,"Unf",0,945,945,"GasA","Ex","Y","SBrkr",945,864,0,1809,0,0,2,1,3,1,"Gd",8,"Typ",0,NA,"Attchd",2005,"RFn",2,638,"TA","TA","Y",144,54,0,0,0,0,NA,NA,NA,0,5,2006,"New","Partial"
"1376",2836,60,"RL",78,9316,"Pave",NA,"IR1","Lvl","AllPub","Inside","Gtl","CollgCr","Norm","Norm","1Fam","2Story",7,5,2005,2005,"Gable","CompShg","VinylSd","VinylSd","BrkFace",532,"Gd","TA","PConc","Gd","TA","Av","Unf",0,"Unf",0,784,784,"GasA","Ex","Y","SBrkr",784,812,0,1596,0,0,2,1,3,1,"Gd",6,"Typ",0,NA,"Attchd",2005,"RFn",2,610,"TA","TA","Y",144,45,0,0,0,0,NA,NA,NA,0,6,2006,"WD","Normal"
"1381",2841,60,"RL",68,9272,"Pave",NA,"IR1","Lvl","AllPub","Inside","Gtl","CollgCr","Norm","Norm","1Fam","2Story",7,5,1999,1999,"Gable","CompShg","VinylSd","VinylSd","None",0,"Gd","TA","PConc","Gd","TA","No","GLQ",500,"Unf",0,342,842,"GasA","Ex","Y","SBrkr",856,893,0,1749,0,0,2,1,3,1,"Gd",7,"Typ",0,NA,"Attchd",1999,"RFn",2,515,"TA","TA","Y",140,85,0,0,0,0,NA,NA,NA,0,6,2006,"WD","Normal"
"1383",2843,60,"RL",50,8340,"Pave",NA,"IR1","Lvl","AllPub","Inside","Gtl","CollgCr","Norm","Norm","1Fam","2Story",6,6,1977,1977,"Gable","CompShg","HdBoard","Plywood","BrkFace",62,"TA","TA","CBlock","Gd","TA","Av","GLQ",509,"Unf",0,166,675,"GasA","TA","Y","SBrkr",686,702,0,1388,0,0,1,1,3,1,"TA",6,"Typ",0,NA,"Attchd",1977,"Unf",1,317,"TA","TA","Y",406,36,0,0,0,0,NA,NA,NA,0,12,2006,"WD","Normal"
"1386",2846,60,"RL",NA,9930,"Pave",NA,"IR1","Lvl","AllPub","Inside","Gtl","CollgCr","Norm","Norm","1Fam","2Story",7,5,2002,2002,"Gable","CompShg","VinylSd","VinylSd","BrkFace",199,"Gd","TA","PConc","Gd","TA","No","GLQ",456,"Unf",0,370,826,"GasA","Ex","Y","SBrkr",878,884,0,1762,0,0,2,1,3,1,"Gd",6,"Typ",0,NA,"Attchd",2002,"Fin",2,591,"TA","TA","Y",320,54,0,0,0,0,NA,NA,NA,0,7,2006,"WD","Normal"
"1387",2847,60,"RL",45,9468,"Pave",NA,"IR2","Lvl","AllPub","CulDSac","Gtl","CollgCr","Norm","Norm","1Fam","2Story",6,5,1999,1999,"Gable","CompShg","VinylSd","VinylSd","BrkFace",148,"TA","TA","PConc","Gd","TA","Mn","GLQ",639,"Unf",0,201,840,"GasA","Ex","Y","SBrkr",840,915,0,1755,1,0,2,1,3,1,"TA",7,"Typ",1,"TA","Attchd",1999,"RFn",2,530,"TA","TA","Y",176,73,0,0,0,0,NA,NA,NA,0,8,2006,"WD","Normal"
"1390",2850,60,"RL",67,10566,"Pave",NA,"IR1","Lvl","AllPub","Inside","Gtl","CollgCr","Norm","Norm","1Fam","2Story",8,5,1999,1999,"Gable","CompShg","VinylSd","VinylSd","BrkFace",261,"Gd","TA","PConc","Gd","TA","Av","GLQ",920,"Unf",0,170,1090,"GasA","Ex","Y","SBrkr",1090,1124,0,2214,1,0,2,1,3,1,"Gd",8,"Typ",1,"TA","Attchd",1999,"Fin",3,646,"TA","TA","Y",197,80,0,0,0,0,NA,NA,NA,0,7,2006,"WD","Normal"
"1391",2851,60,"RL",NA,21533,"Pave",NA,"IR2","Lvl","AllPub","FR2","Gtl","CollgCr","Feedr","Norm","1Fam","2Story",7,5,1996,1997,"Gable","CompShg","VinylSd","VinylSd","None",0,"Gd","TA","PConc","Gd","TA","No","Unf",0,"Unf",0,1065,1065,"GasA","Ex","Y","SBrkr",1065,984,0,2049,0,0,2,1,4,1,"Gd",9,"Typ",1,"TA","Attchd",1997,"Unf",2,467,"TA","TA","Y",120,48,0,0,0,0,NA,NA,NA,0,8,2006,"WD","Normal"
"1396",2856,60,"RL",74,8581,"Pave",NA,"IR1","Lvl","AllPub","Inside","Gtl","CollgCr","Norm","Norm","1Fam","2Story",7,5,2006,2006,"Gable","CompShg","VinylSd","VinylSd","None",0,"Gd","TA","PConc","Gd","Gd","Mn","Unf",0,"Unf",0,851,851,"GasA","Ex","Y","SBrkr",851,886,0,1737,0,0,2,1,3,1,"Gd",7,"Typ",0,NA,"Attchd",2006,"RFn",2,578,"TA","TA","Y",0,105,0,0,0,0,NA,NA,NA,0,8,2006,"New","Partial"
"1397",2857,60,"RL",70,8400,"Pave",NA,"Reg","Lvl","AllPub","Inside","Gtl","CollgCr","Norm","Norm","1Fam","2Story",7,5,2005,2005,"Gable","CompShg","VinylSd","VinylSd","None",0,"Gd","TA","PConc","Gd","TA","Av","Unf",0,"Unf",0,784,784,"GasA","Ex","Y","SBrkr",784,827,0,1611,0,0,2,1,3,1,"Gd",6,"Typ",0,NA,"Attchd",2005,"RFn",2,572,"TA","TA","Y",144,36,0,0,0,0,NA,NA,NA,0,3,2006,"WD","Normal"
"1404",2864,60,"RL",90,11060,"Pave",NA,"IR1","Lvl","AllPub","Corner","Gtl","Edwards","Norm","Norm","1Fam","2Story",7,5,2003,2005,"Gable","CompShg","VinylSd","VinylSd","None",0,"Gd","TA","PConc","Ex","TA","No","Unf",0,"Unf",0,1150,1150,"GasA","Ex","Y","SBrkr",1164,1150,0,2314,0,0,2,1,3,1,"Gd",9,"Typ",1,"Ex","BuiltIn",2003,"Fin",2,502,"TA","TA","Y",0,274,0,0,0,0,NA,NA,NA,0,2,2006,"ConLD","Normal"
"1416",2876,70,"RL",43,7000,"Pave",NA,"Reg","Lvl","AllPub","Inside","Gtl","SWISU","Feedr","Norm","1Fam","2Story",7,8,1926,1997,"Gable","CompShg","Wd Sdng","Stucco","None",0,"TA","TA","BrkTil","TA","TA","No","ALQ",424,"Unf",0,200,624,"GasA","Ex","Y","SBrkr",743,736,0,1479,1,0,1,0,3,1,"Gd",6,"Typ",2,"Gd","Detchd",1926,"Unf",1,312,"TA","TA","Y",530,0,56,0,0,0,NA,"MnPrv",NA,0,5,2006,"WD","Normal"
"1417",2877,70,"RL",69,4899,"Pave",NA,"Reg","HLS","AllPub","Corner","Gtl","SWISU","Norm","Norm","1Fam","2Story",6,8,1920,1950,"Gable","CompShg","MetalSd","MetalSd","None",0,"TA","TA","PConc","TA","TA","No","BLQ",305,"Unf",0,450,755,"GasA","Ex","Y","SBrkr",755,755,0,1510,0,0,1,0,3,1,"TA",6,"Typ",0,NA,"Detchd",1920,"Unf",1,216,"TA","TA","Y",0,0,164,0,0,0,NA,NA,NA,0,6,2006,"WD","Normal"
"1418",2878,70,"RL",54,9399,"Pave",NA,"Reg","Bnk","AllPub","Inside","Gtl","Crawfor","Norm","Norm","1Fam","2.5Unf",7,8,1919,1950,"Gable","CompShg","MetalSd","Stucco","None",0,"TA","TA","BrkTil","TA","TA","Mn","Unf",0,"Unf",0,818,818,"GasA","TA","Y","SBrkr",818,818,0,1636,0,0,1,1,4,1,"Gd",7,"Typ",1,"Gd","Detchd",1919,"Unf",1,288,"Fa","TA","N",0,0,212,0,0,0,NA,NA,NA,0,9,2006,"WD","Abnorml"
"1451",2911,160,"RM",21,1484,"Pave",NA,"Reg","Lvl","AllPub","Inside","Gtl","MeadowV","Norm","Norm","TwnhsE","2Story",4,4,1972,1972,"Gable","CompShg","CemntBd","CmentBd","None",0,"TA","TA","CBlock","TA","TA","No","Rec",252,"Unf",0,294,546,"GasA","TA","Y","SBrkr",546,546,0,1092,0,0,1,1,3,1,"TA",5,"Typ",0,NA,"Attchd",1972,"Unf",1,253,"TA","Fa","Y",0,0,0,0,0,0,NA,NA,NA,0,5,2006,"WD","Normal"
"1453",2913,160,"RM",21,1533,"Pave",NA,"Reg","Lvl","AllPub","Inside","Gtl","MeadowV","Norm","Norm","Twnhs","2Story",4,5,1970,1970,"Gable","CompShg","CemntBd","CmentBd","None",0,"TA","TA","CBlock","TA","TA","No","Rec",408,"Unf",0,138,546,"GasA","TA","Y","SBrkr",546,546,0,1092,0,0,1,1,3,1,"TA",5,"Typ",0,NA,"CarPort",1970,"Unf",1,286,"TA","TA","Y",0,0,0,0,0,0,NA,NA,NA,0,12,2006,"WD","Abnorml"
"1454",2914,160,"RM",21,1526,"Pave",NA,"Reg","Lvl","AllPub","Inside","Gtl","MeadowV","Norm","Norm","Twnhs","2Story",4,5,1970,1970,"Gable","CompShg","CemntBd","CmentBd","None",0,"TA","TA","CBlock","TA","TA","No","Unf",0,"Unf",0,546,546,"GasA","TA","Y","SBrkr",546,546,0,1092,0,0,1,1,3,1,"TA",5,"Typ",0,NA,NA,NA,NA,0,0,NA,NA,"Y",0,34,0,0,0,0,NA,"GdPrv",NA,0,6,2006,"WD","Normal"
"1455",2915,160,"RM",21,1936,"Pave",NA,"Reg","Lvl","AllPub","Inside","Gtl","MeadowV","Norm","Norm","Twnhs","2Story",4,7,1970,1970,"Gable","CompShg","CemntBd","CmentBd","None",0,"TA","TA","CBlock","TA","TA","No","Unf",0,"Unf",0,546,546,"GasA","Gd","Y","SBrkr",546,546,0,1092,0,0,1,1,3,1,"TA",5,"Typ",0,NA,NA,NA,NA,0,0,NA,NA,"Y",0,0,0,0,0,0,NA,NA,NA,0,6,2006,"WD","Normal"
"1456",2916,160,"RM",21,1894,"Pave",NA,"Reg","Lvl","AllPub","Inside","Gtl","MeadowV","Norm","Norm","TwnhsE","2Story",4,5,1970,1970,"Gable","CompShg","CemntBd","CmentBd","None",0,"TA","TA","CBlock","TA","TA","No","Rec",252,"Unf",0,294,546,"GasA","TA","Y","SBrkr",546,546,0,1092,0,0,1,1,3,1,"TA",6,"Typ",0,NA,"CarPort",1970,"Unf",1,286,"TA","TA","Y",0,24,0,0,0,0,NA,NA,NA,0,4,2006,"WD","Abnorml"
"1459",2919,60,"RL",74,9627,"Pave",NA,"Reg","Lvl","AllPub","Inside","Mod","Mitchel","Norm","Norm","1Fam","2Story",7,5,1993,1994,"Gable","CompShg","HdBoard","HdBoard","BrkFace",94,"TA","TA","PConc","Gd","TA","Av","LwQ",758,"Unf",0,238,996,"GasA","Ex","Y","SBrkr",996,1004,0,2000,0,0,2,1,3,1,"TA",9,"Typ",1,"TA","Attchd",1993,"Fin",3,650,"TA","TA","Y",190,48,0,0,0,0,NA,NA,NA,0,11,2006,"WD","Normal"
